frame_path,source_dataset,source_image_name,person,man,woman,short_hair,long_hair,bald_hair,black_hair,blonde_hair,brown_hair,gray_hair,straight_hair,wavy_hair,bangs_hair,receding_hairline,black_clothes,white_clothes,red_clothes,blue_clothes,green_clothes,yellow_clothes,brown_clothes,gray_clothes,orange_clothes,pink_clothes,purple_clothes,dress,glasses,hat,backpack,bag
data\external\celeba\celeba\img_align_celeba\000001.jpg,celeba,000001.jpg,1,0,1,0,0,0,0,0,1,0,1,0,0,0,0,0,0,0,0,0,0,0,0,0,0,0,0,0,0,0
data\external\celeba\celeba\img_align_celeba\000002.jpg,celeba,000002.jpg,1,0,1,0,0,0,0,0,1,0,0,0,0,0,0,0,0,0,0,0,0,0,0,0,0,0,0,0,0,0
data\external\celeba\celeba\img_align_celeba\000003.jpg,celeba,000003.jpg,1,1,0,0,0,0,0,0,0,0,0,1,0,0,0,0,0,0,0,0,0,0,0,0,0,0,0,0,0,0
data\external\celeba\celeba\img_align_celeba\000004.jpg,celeba,000004.jpg,1,0,1,0,0,0,0,0,0,0,1,0,0,0,0,0,0,0,0,0,0,0,0,0,0,0,0,0,0,0
data\external\celeba\celeba\img_align_celeba\000005.jpg,celeba,000005.jpg,1,0,1,0,0,0,0,0,0,0,0,0,0,0,0,0,0,0,0,0,0,0,0,0,0,0,0,0,0,0
data\external\celeba\celeba\img_align_celeba\000006.jpg,celeba,000006.jpg,1,0,1,0,0,0,0,0,1,0,0,1,0,0,0,0,0,0,0,0,0,0,0,0,0,0,0,0,0,0
data\external\celeba\celeba\img_align_celeba\000007.jpg,celeba,000007.jpg,1,1,0,0,0,0,1,0,0,0,1,0,0,0,0,0,0,0,0,0,0,0,0,0,0,0,0,0,0,0
data\external\celeba\celeba\img_align_celeba\000008.jpg,celeba,000008.jpg,1,1,0,0,0,0,1,0,0,0,0,0,0,0,0,0,0,0,0,0,0,0,0,0,0,0,0,0,0,0
data\external\celeba\celeba\img_align_celeba\000009.jpg,celeba,000009.jpg,1,0,1,0,0,0,0,0,0,0,0,0,1,0,0,0,0,0,0,0,0,0,0,0,0,0,0,0,0,0
data\external\celeba\celeba\img_align_celeba\000010.jpg,celeba,000010.jpg,1,0,1,0,0,0,0,0,0,0,0,1,0,0,0,0,0,0,0,0,0,0,0,0,0,0,0,0,0,0
data\external\celeba\celeba\img_align_celeba\000011.jpg,celeba,000011.jpg,1,0,1,0,0,0,1,0,0,0,0,0,0,0,0,0,0,0,0,0,0,0,0,0,0,0,0,0,0,0
data\external\celeba\celeba\img_align_celeba\000012.jpg,celeba,000012.jpg,1,1,0,0,0,0,1,0,0,0,1,0,0,0,0,0,0,0,0,0,0,0,0,0,0,0,0,0,0,0
data\external\celeba\celeba\img_align_celeba\000013.jpg,celeba,000013.jpg,1,1,0,0,0,0,0,1,0,0,1,0,0,0,0,0,0,0,0,0,0,0,0,0,0,0,0,0,0,0
data\external\celeba\celeba\img_align_celeba\000014.jpg,celeba,000014.jpg,1,0,1,0,0,0,1,0,0,0,0,0,0,0,0,0,0,0,0,0,0,0,0,0,0,0,0,0,0,0
data\external\celeba\celeba\img_align_celeba\000015.jpg,celeba,000015.jpg,1,1,0,0,0,0,0,0,0,0,1,0,0,0,0,0,0,0,0,0,0,0,0,0,0,0,0,0,0,0
data\external\celeba\celeba\img_align_celeba\000016.jpg,celeba,000016.jpg,1,1,0,0,0,0,0,0,0,0,1,0,0,0,0,0,0,0,0,0,0,0,0,0,0,0,0,0,0,0
data\external\celeba\celeba\img_align_celeba\000017.jpg,celeba,000017.jpg,1,0,1,0,0,0,1,0,0,0,1,0,0,0,0,0,0,0,0,0,0,0,0,0,0,0,0,0,0,0
data\external\celeba\celeba\img_align_celeba\000018.jpg,celeba,000018.jpg,1,0,1,0,0,0,0,1,0,0,0,1,0,0,0,0,0,0,0,0,0,0,0,0,0,0,0,0,0,0
data\external\celeba\celeba\img_align_celeba\000019.jpg,celeba,000019.jpg,1,0,1,0,0,0,0,1,0,0,0,1,0,0,0,0,0,0,0,0,0,0,0,0,0,0,0,0,0,0
data\external\celeba\celeba\img_align_celeba\000020.jpg,celeba,000020.jpg,1,1,0,0,0,0,1,0,0,0,0,0,0,0,0,0,0,0,0,0,0,0,0,0,0,0,0,0,0,0
data\external\celeba\celeba\img_align_celeba\000021.jpg,celeba,000021.jpg,1,1,0,0,0,0,0,0,0,1,1,0,0,0,0,0,0,0,0,0,0,0,0,0,0,0,0,0,0,0
data\external\celeba\celeba\img_align_celeba\000022.jpg,celeba,000022.jpg,1,0,1,0,0,0,0,1,0,0,0,1,0,0,0,0,0,0,0,0,0,0,0,0,0,0,0,0,0,0
data\external\celeba\celeba\img_align_celeba\000023.jpg,celeba,000023.jpg,1,1,0,0,0,0,0,0,1,0,1,0,0,0,0,0,0,0,0,0,0,0,0,0,0,0,0,0,0,0
data\external\celeba\celeba\img_align_celeba\000024.jpg,celeba,000024.jpg,1,0,1,0,0,0,0,1,0,0,0,0,0,0,0,0,0,0,0,0,0,0,0,0,0,0,0,0,0,0
data\external\celeba\celeba\img_align_celeba\000025.jpg,celeba,000025.jpg,1,1,0,0,0,0,0,0,0,0,0,0,0,1,0,0,0,0,0,0,0,0,0,0,0,0,0,0,0,0
data\external\celeba\celeba\img_align_celeba\000026.jpg,celeba,000026.jpg,1,0,1,0,0,0,0,0,0,0,1,0,0,0,0,0,0,0,0,0,0,0,0,0,0,0,0,0,0,0
data\external\celeba\celeba\img_align_celeba\000027.jpg,celeba,000027.jpg,1,0,1,0,0,0,1,0,0,0,0,1,0,0,0,0,0,0,0,0,0,0,0,0,0,0,0,0,0,0
data\external\celeba\celeba\img_align_celeba\000028.jpg,celeba,000028.jpg,1,0,1,0,0,0,0,0,1,0,0,1,0,0,0,0,0,0,0,0,0,0,0,0,0,0,0,0,0,0
data\external\celeba\celeba\img_align_celeba\000029.jpg,celeba,000029.jpg,1,0,1,0,0,0,0,1,0,0,0,1,1,0,0,0,0,0,0,0,0,0,0,0,0,0,0,0,0,0
data\external\celeba\celeba\img_align_celeba\000030.jpg,celeba,000030.jpg,1,1,0,0,0,0,0,0,0,0,0,1,0,0,0,0,0,0,0,0,0,0,0,0,0,0,0,0,0,0
data\external\celeba\celeba\img_align_celeba\000031.jpg,celeba,000031.jpg,1,0,1,0,0,0,0,0,0,0,0,0,0,1,0,0,0,0,0,0,0,0,0,0,0,0,0,0,0,0
data\external\celeba\celeba\img_align_celeba\000032.jpg,celeba,000032.jpg,1,1,0,0,0,0,0,0,1,0,1,0,0,0,0,0,0,0,0,0,0,0,0,0,0,0,0,0,0,0
data\external\celeba\celeba\img_align_celeba\000033.jpg,celeba,000033.jpg,1,1,0,0,0,0,1,0,0,0,1,0,0,0,0,0,0,0,0,0,0,0,0,0,0,0,0,0,0,0
data\external\celeba\celeba\img_align_celeba\000034.jpg,celeba,000034.jpg,1,0,1,0,0,0,0,0,1,0,0,1,0,0,0,0,0,0,0,0,0,0,0,0,0,0,0,0,0,0
data\external\celeba\celeba\img_align_celeba\000035.jpg,celeba,000035.jpg,1,0,1,0,0,0,1,0,0,0,0,1,0,0,0,0,0,0,0,0,0,0,0,0,0,0,0,0,0,0
data\external\celeba\celeba\img_align_celeba\000036.jpg,celeba,000036.jpg,1,1,0,0,0,0,1,0,0,0,1,0,0,0,0,0,0,0,0,0,0,0,0,0,0,0,0,0,0,0
data\external\celeba\celeba\img_align_celeba\000037.jpg,celeba,000037.jpg,1,1,0,0,0,0,0,0,0,0,0,0,0,0,0,0,0,0,0,0,0,0,0,0,0,0,0,1,0,0
data\external\celeba\celeba\img_align_celeba\000038.jpg,celeba,000038.jpg,1,1,0,0,0,0,0,0,0,0,0,0,0,0,0,0,0,0,0,0,0,0,0,0,0,0,0,0,0,0
data\external\celeba\celeba\img_align_celeba\000039.jpg,celeba,000039.jpg,1,0,1,0,0,0,0,0,1,0,0,1,0,0,0,0,0,0,0,0,0,0,0,0,0,0,0,0,0,0
data\external\celeba\celeba\img_align_celeba\000040.jpg,celeba,000040.jpg,1,0,1,0,0,0,1,0,0,0,0,0,0,0,0,0,0,0,0,0,0,0,0,0,0,0,0,0,0,0
data\external\celeba\celeba\img_align_celeba\000041.jpg,celeba,000041.jpg,1,1,0,0,0,0,1,0,0,0,0,0,0,0,0,0,0,0,0,0,0,0,0,0,0,0,0,0,0,0
data\external\celeba\celeba\img_align_celeba\000042.jpg,celeba,000042.jpg,1,0,1,0,0,0,0,0,1,0,0,0,0,0,0,0,0,0,0,0,0,0,0,0,0,0,0,0,0,0
data\external\celeba\celeba\img_align_celeba\000043.jpg,celeba,000043.jpg,1,0,1,0,0,0,0,0,1,0,0,1,0,0,0,0,0,0,0,0,0,0,0,0,0,0,0,0,0,0
data\external\celeba\celeba\img_align_celeba\000044.jpg,celeba,000044.jpg,1,0,1,0,0,0,1,0,0,0,0,0,0,0,0,0,0,0,0,0,0,0,0,0,0,0,0,0,0,0
data\external\celeba\celeba\img_align_celeba\000045.jpg,celeba,000045.jpg,1,0,1,0,0,0,0,0,1,0,0,1,0,0,0,0,0,0,0,0,0,0,0,0,0,0,0,0,0,0
data\external\celeba\celeba\img_align_celeba\000046.jpg,celeba,000046.jpg,1,0,1,0,0,0,1,0,0,0,0,1,1,0,0,0,0,0,0,0,0,0,0,0,0,0,0,0,0,0
data\external\celeba\celeba\img_align_celeba\000047.jpg,celeba,000047.jpg,1,0,1,0,0,0,1,0,0,0,1,0,0,0,0,0,0,0,0,0,0,0,0,0,0,0,0,0,0,0
data\external\celeba\celeba\img_align_celeba\000048.jpg,celeba,000048.jpg,1,1,0,0,0,0,0,0,0,0,0,0,1,0,0,0,0,0,0,0,0,0,0,0,0,0,0,0,0,0
data\external\celeba\celeba\img_align_celeba\000049.jpg,celeba,000049.jpg,1,1,0,0,0,0,1,0,0,0,0,0,0,1,0,0,0,0,0,0,0,0,0,0,0,0,0,0,0,0
data\external\celeba\celeba\img_align_celeba\000050.jpg,celeba,000050.jpg,1,1,0,0,0,0,1,0,0,0,0,0,0,0,0,0,0,0,0,0,0,0,0,0,0,0,0,0,0,0
data\external\celeba\celeba\img_align_celeba\000051.jpg,celeba,000051.jpg,1,1,0,0,0,1,0,0,0,0,0,0,0,1,0,0,0,0,0,0,0,0,0,0,0,0,0,0,0,0
data\external\celeba\celeba\img_align_celeba\000052.jpg,celeba,000052.jpg,1,1,0,0,0,0,0,0,1,0,1,0,0,0,0,0,0,0,0,0,0,0,0,0,0,0,0,0,0,0
data\external\celeba\celeba\img_align_celeba\000053.jpg,celeba,000053.jpg,1,1,0,0,0,0,0,0,0,0,0,0,1,0,0,0,0,0,0,0,0,0,0,0,0,0,1,0,0,0
data\external\celeba\celeba\img_align_celeba\000054.jpg,celeba,000054.jpg,1,0,1,0,0,0,0,1,0,0,0,1,0,0,0,0,0,0,0,0,0,0,0,0,0,0,0,0,0,0
data\external\celeba\celeba\img_align_celeba\000055.jpg,celeba,000055.jpg,1,1,0,0,0,0,1,0,0,0,0,1,0,0,0,0,0,0,0,0,0,0,0,0,0,0,0,0,0,0
data\external\celeba\celeba\img_align_celeba\000056.jpg,celeba,000056.jpg,1,1,0,0,0,0,1,0,0,0,1,0,0,0,0,0,0,0,0,0,0,0,0,0,0,0,0,0,0,0
data\external\celeba\celeba\img_align_celeba\000057.jpg,celeba,000057.jpg,1,0,1,0,0,0,1,0,0,0,0,0,0,0,0,0,0,0,0,0,0,0,0,0,0,0,0,0,0,0
data\external\celeba\celeba\img_align_celeba\000058.jpg,celeba,000058.jpg,1,0,1,0,0,0,0,0,0,0,0,1,0,0,0,0,0,0,0,0,0,0,0,0,0,0,0,0,0,0
data\external\celeba\celeba\img_align_celeba\000059.jpg,celeba,000059.jpg,1,0,1,0,0,0,1,0,0,0,0,0,0,0,0,0,0,0,0,0,0,0,0,0,0,0,0,0,0,0
data\external\celeba\celeba\img_align_celeba\000060.jpg,celeba,000060.jpg,1,1,0,0,0,0,0,0,0,0,0,0,0,0,0,0,0,0,0,0,0,0,0,0,0,0,0,0,0,0
data\external\celeba\celeba\img_align_celeba\000061.jpg,celeba,000061.jpg,1,1,0,0,0,0,0,0,0,0,0,0,0,0,0,0,0,0,0,0,0,0,0,0,0,0,0,0,0,0
data\external\celeba\celeba\img_align_celeba\000062.jpg,celeba,000062.jpg,1,0,1,0,0,0,0,0,0,0,0,0,1,0,0,0,0,0,0,0,0,0,0,0,0,0,0,0,0,0
data\external\celeba\celeba\img_align_celeba\000063.jpg,celeba,000063.jpg,1,0,1,0,0,0,0,0,0,0,0,1,0,0,0,0,0,0,0,0,0,0,0,0,0,0,0,0,0,0
data\external\celeba\celeba\img_align_celeba\000064.jpg,celeba,000064.jpg,1,1,0,0,0,0,0,0,1,0,1,0,0,0,0,0,0,0,0,0,0,0,0,0,0,0,0,0,0,0
data\external\celeba\celeba\img_align_celeba\000065.jpg,celeba,000065.jpg,1,1,0,0,0,0,1,0,0,0,1,0,0,0,0,0,0,0,0,0,0,0,0,0,0,0,0,0,0,0
data\external\celeba\celeba\img_align_celeba\000066.jpg,celeba,000066.jpg,1,0,1,0,0,0,0,0,0,0,0,0,1,0,0,0,0,0,0,0,0,0,0,0,0,0,0,0,0,0
data\external\celeba\celeba\img_align_celeba\000067.jpg,celeba,000067.jpg,1,1,0,0,0,0,0,0,1,0,0,0,0,0,0,0,0,0,0,0,0,0,0,0,0,0,0,0,0,0
data\external\celeba\celeba\img_align_celeba\000068.jpg,celeba,000068.jpg,1,1,0,0,0,0,0,0,0,0,0,0,0,0,0,0,0,0,0,0,0,0,0,0,0,0,0,1,0,0
data\external\celeba\celeba\img_align_celeba\000069.jpg,celeba,000069.jpg,1,1,0,0,0,0,0,0,0,0,0,0,0,0,0,0,0,0,0,0,0,0,0,0,0,0,0,0,0,0
data\external\celeba\celeba\img_align_celeba\000070.jpg,celeba,000070.jpg,1,1,0,0,0,0,1,0,0,0,1,0,0,0,0,0,0,0,0,0,0,0,0,0,0,0,0,0,0,0
data\external\celeba\celeba\img_align_celeba\000071.jpg,celeba,000071.jpg,1,0,1,0,0,0,0,1,0,0,1,0,1,0,0,0,0,0,0,0,0,0,0,0,0,0,0,0,0,0
data\external\celeba\celeba\img_align_celeba\000072.jpg,celeba,000072.jpg,1,1,0,0,0,0,1,0,0,0,0,0,0,0,0,0,0,0,0,0,0,0,0,0,0,0,0,0,0,0
data\external\celeba\celeba\img_align_celeba\000073.jpg,celeba,000073.jpg,1,0,1,0,0,0,1,0,0,0,0,1,0,0,0,0,0,0,0,0,0,0,0,0,0,0,0,0,0,0
data\external\celeba\celeba\img_align_celeba\000074.jpg,celeba,000074.jpg,1,0,1,0,0,0,0,0,0,0,0,0,0,0,0,0,0,0,0,0,0,0,0,0,0,0,0,1,0,0
data\external\celeba\celeba\img_align_celeba\000075.jpg,celeba,000075.jpg,1,0,1,0,0,0,0,0,1,0,0,0,0,0,0,0,0,0,0,0,0,0,0,0,0,0,0,0,0,0
data\external\celeba\celeba\img_align_celeba\000076.jpg,celeba,000076.jpg,1,1,0,0,0,0,1,0,0,0,0,0,0,0,0,0,0,0,0,0,0,0,0,0,0,0,0,0,0,0
data\external\celeba\celeba\img_align_celeba\000077.jpg,celeba,000077.jpg,1,0,1,0,0,0,0,0,0,0,0,1,1,0,0,0,0,0,0,0,0,0,0,0,0,0,0,0,0,0
data\external\celeba\celeba\img_align_celeba\000078.jpg,celeba,000078.jpg,1,0,1,0,0,0,1,0,0,0,0,0,0,0,0,0,0,0,0,0,0,0,0,0,0,0,0,0,0,0
data\external\celeba\celeba\img_align_celeba\000079.jpg,celeba,000079.jpg,1,1,0,0,0,1,0,0,0,0,0,0,0,0,0,0,0,0,0,0,0,0,0,0,0,0,0,0,0,0
data\external\celeba\celeba\img_align_celeba\000080.jpg,celeba,000080.jpg,1,1,0,0,0,0,1,0,0,0,0,0,0,0,0,0,0,0,0,0,0,0,0,0,0,0,0,0,0,0
data\external\celeba\celeba\img_align_celeba\000081.jpg,celeba,000081.jpg,1,1,0,0,0,0,1,0,0,0,0,0,0,1,0,0,0,0,0,0,0,0,0,0,0,0,0,0,0,0
data\external\celeba\celeba\img_align_celeba\000082.jpg,celeba,000082.jpg,1,1,0,0,0,0,0,0,0,0,0,0,0,0,0,0,0,0,0,0,0,0,0,0,0,0,0,0,0,0
data\external\celeba\celeba\img_align_celeba\000083.jpg,celeba,000083.jpg,1,0,1,0,0,0,0,0,1,0,0,1,0,0,0,0,0,0,0,0,0,0,0,0,0,0,0,0,0,0
data\external\celeba\celeba\img_align_celeba\000084.jpg,celeba,000084.jpg,1,0,1,0,0,0,0,0,0,0,0,1,0,0,0,0,0,0,0,0,0,0,0,0,0,0,0,0,0,0
data\external\celeba\celeba\img_align_celeba\000085.jpg,celeba,000085.jpg,1,0,1,0,0,0,0,0,1,0,0,1,0,0,0,0,0,0,0,0,0,0,0,0,0,0,0,0,0,0
data\external\celeba\celeba\img_align_celeba\000086.jpg,celeba,000086.jpg,1,0,1,0,0,0,0,0,0,0,0,0,0,0,0,0,0,0,0,0,0,0,0,0,0,0,0,0,0,0
data\external\celeba\celeba\img_align_celeba\000087.jpg,celeba,000087.jpg,1,0,1,0,0,0,0,0,0,0,0,0,0,1,0,0,0,0,0,0,0,0,0,0,0,0,0,0,0,0
data\external\celeba\celeba\img_align_celeba\000088.jpg,celeba,000088.jpg,1,0,1,0,0,0,0,0,1,0,0,1,0,0,0,0,0,0,0,0,0,0,0,0,0,0,0,0,0,0
data\external\celeba\celeba\img_align_celeba\000089.jpg,celeba,000089.jpg,1,0,1,0,0,0,0,0,0,0,0,1,0,0,0,0,0,0,0,0,0,0,0,0,0,0,0,0,0,0
data\external\celeba\celeba\img_align_celeba\000090.jpg,celeba,000090.jpg,1,1,0,0,0,0,0,0,1,0,1,0,0,0,0,0,0,0,0,0,0,0,0,0,0,0,0,0,0,0
data\external\celeba\celeba\img_align_celeba\000091.jpg,celeba,000091.jpg,1,1,0,0,0,0,1,0,0,0,1,0,0,0,0,0,0,0,0,0,0,0,0,0,0,0,0,0,0,0
data\external\celeba\celeba\img_align_celeba\000092.jpg,celeba,000092.jpg,1,0,1,0,0,0,0,1,0,0,0,0,0,0,0,0,0,0,0,0,0,0,0,0,0,0,0,0,0,0
data\external\celeba\celeba\img_align_celeba\000093.jpg,celeba,000093.jpg,1,0,1,0,0,0,0,0,0,0,1,0,1,0,0,0,0,0,0,0,0,0,0,0,0,0,1,0,0,0
data\external\celeba\celeba\img_align_celeba\000094.jpg,celeba,000094.jpg,1,0,1,0,0,0,0,0,0,1,0,0,1,0,0,0,0,0,0,0,0,0,0,0,0,0,0,0,0,0
data\external\celeba\celeba\img_align_celeba\000095.jpg,celeba,000095.jpg,1,0,1,0,0,0,0,0,0,0,0,0,0,0,0,0,0,0,0,0,0,0,0,0,0,0,0,1,0,0
data\external\celeba\celeba\img_align_celeba\000096.jpg,celeba,000096.jpg,1,0,1,0,0,0,0,0,0,0,0,1,0,0,0,0,0,0,0,0,0,0,0,0,0,0,0,0,0,0
data\external\celeba\celeba\img_align_celeba\000097.jpg,celeba,000097.jpg,1,0,1,0,0,0,0,0,1,0,0,1,0,0,0,0,0,0,0,0,0,0,0,0,0,0,0,0,0,0
data\external\celeba\celeba\img_align_celeba\000098.jpg,celeba,000098.jpg,1,0,1,0,0,0,1,0,0,0,0,1,0,0,0,0,0,0,0,0,0,0,0,0,0,0,0,0,0,0
data\external\celeba\celeba\img_align_celeba\000099.jpg,celeba,000099.jpg,1,0,1,0,0,0,0,0,1,0,0,1,0,0,0,0,0,0,0,0,0,0,0,0,0,0,0,0,0,0
data\external\celeba\celeba\img_align_celeba\000100.jpg,celeba,000100.jpg,1,0,1,0,0,0,0,1,0,0,0,0,0,0,0,0,0,0,0,0,0,0,0,0,0,0,0,0,0,0
data\external\celeba\celeba\img_align_celeba\000101.jpg,celeba,000101.jpg,1,0,1,0,0,0,1,0,0,0,0,0,0,0,0,0,0,0,0,0,0,0,0,0,0,0,0,0,0,0
data\external\celeba\celeba\img_align_celeba\000102.jpg,celeba,000102.jpg,1,1,0,0,0,0,1,0,0,0,0,0,0,0,0,0,0,0,0,0,0,0,0,0,0,0,0,0,0,0
data\external\celeba\celeba\img_align_celeba\000103.jpg,celeba,000103.jpg,1,0,1,0,0,0,0,0,1,0,0,0,0,0,0,0,0,0,0,0,0,0,0,0,0,0,0,0,0,0
data\external\celeba\celeba\img_align_celeba\000104.jpg,celeba,000104.jpg,1,1,0,0,0,0,0,0,0,0,0,0,0,0,0,0,0,0,0,0,0,0,0,0,0,0,0,0,0,0
data\external\celeba\celeba\img_align_celeba\000105.jpg,celeba,000105.jpg,1,1,0,0,0,0,0,0,0,0,1,0,1,0,0,0,0,0,0,0,0,0,0,0,0,0,0,0,0,0
data\external\celeba\celeba\img_align_celeba\000106.jpg,celeba,000106.jpg,1,0,1,0,0,0,0,0,0,0,0,0,0,0,0,0,0,0,0,0,0,0,0,0,0,0,0,0,0,0
data\external\celeba\celeba\img_align_celeba\000107.jpg,celeba,000107.jpg,1,0,1,0,0,0,0,0,1,0,0,1,0,0,0,0,0,0,0,0,0,0,0,0,0,0,0,0,0,0
data\external\celeba\celeba\img_align_celeba\000108.jpg,celeba,000108.jpg,1,0,1,0,0,0,0,1,0,0,0,1,0,0,0,0,0,0,0,0,0,0,0,0,0,0,0,0,0,0
data\external\celeba\celeba\img_align_celeba\000109.jpg,celeba,000109.jpg,1,1,0,0,0,0,0,0,0,0,1,0,0,0,0,0,0,0,0,0,0,0,0,0,0,0,0,0,0,0
data\external\celeba\celeba\img_align_celeba\000110.jpg,celeba,000110.jpg,1,0,1,0,0,0,0,0,1,0,0,0,1,0,0,0,0,0,0,0,0,0,0,0,0,0,0,0,0,0
data\external\celeba\celeba\img_align_celeba\000111.jpg,celeba,000111.jpg,1,0,1,0,0,0,0,1,0,0,0,1,1,0,0,0,0,0,0,0,0,0,0,0,0,0,0,0,0,0
data\external\celeba\celeba\img_align_celeba\000112.jpg,celeba,000112.jpg,1,0,1,0,0,0,0,1,0,0,0,1,1,0,0,0,0,0,0,0,0,0,0,0,0,0,0,0,0,0
data\external\celeba\celeba\img_align_celeba\000113.jpg,celeba,000113.jpg,1,1,0,0,0,0,0,0,0,0,0,0,0,0,0,0,0,0,0,0,0,0,0,0,0,0,0,0,0,0
data\external\celeba\celeba\img_align_celeba\000114.jpg,celeba,000114.jpg,1,1,0,0,0,0,1,0,0,0,1,0,1,0,0,0,0,0,0,0,0,0,0,0,0,0,0,0,0,0
data\external\celeba\celeba\img_align_celeba\000115.jpg,celeba,000115.jpg,1,1,0,0,0,1,0,0,0,0,0,0,0,0,0,0,0,0,0,0,0,0,0,0,0,0,0,0,0,0
data\external\celeba\celeba\img_align_celeba\000116.jpg,celeba,000116.jpg,1,1,0,0,0,0,0,0,1,0,1,0,1,0,0,0,0,0,0,0,0,0,0,0,0,0,0,0,0,0
data\external\celeba\celeba\img_align_celeba\000117.jpg,celeba,000117.jpg,1,0,1,0,0,0,1,0,0,0,0,1,0,0,0,0,0,0,0,0,0,0,0,0,0,0,0,0,0,0
data\external\celeba\celeba\img_align_celeba\000118.jpg,celeba,000118.jpg,1,0,1,0,0,0,1,0,0,0,0,0,0,0,0,0,0,0,0,0,0,0,0,0,0,0,0,0,0,0
data\external\celeba\celeba\img_align_celeba\000119.jpg,celeba,000119.jpg,1,1,0,0,0,0,0,0,0,0,0,1,0,0,0,0,0,0,0,0,0,0,0,0,0,0,1,0,0,0
data\external\celeba\celeba\img_align_celeba\000120.jpg,celeba,000120.jpg,1,1,0,0,0,0,0,0,0,0,0,0,0,0,0,0,0,0,0,0,0,0,0,0,0,0,0,0,0,0
data\external\celeba\celeba\img_align_celeba\000121.jpg,celeba,000121.jpg,1,0,1,0,0,0,0,0,0,0,1,0,1,0,0,0,0,0,0,0,0,0,0,0,0,0,0,0,0,0
data\external\celeba\celeba\img_align_celeba\000122.jpg,celeba,000122.jpg,1,0,1,0,0,0,0,1,0,0,0,0,1,0,0,0,0,0,0,0,0,0,0,0,0,0,0,0,0,0
data\external\celeba\celeba\img_align_celeba\000123.jpg,celeba,000123.jpg,1,1,0,0,0,0,1,0,0,0,0,0,0,0,0,0,0,0,0,0,0,0,0,0,0,0,0,0,0,0
data\external\celeba\celeba\img_align_celeba\000124.jpg,celeba,000124.jpg,1,0,1,0,0,0,1,0,0,0,0,1,0,0,0,0,0,0,0,0,0,0,0,0,0,0,0,0,0,0
data\external\celeba\celeba\img_align_celeba\000125.jpg,celeba,000125.jpg,1,1,0,0,0,1,0,0,0,0,0,0,0,0,0,0,0,0,0,0,0,0,0,0,0,0,0,0,0,0
data\external\celeba\celeba\img_align_celeba\000126.jpg,celeba,000126.jpg,1,0,1,0,0,0,0,1,0,0,0,0,0,0,0,0,0,0,0,0,0,0,0,0,0,0,0,0,0,0
data\external\celeba\celeba\img_align_celeba\000127.jpg,celeba,000127.jpg,1,1,0,0,0,0,0,0,0,1,1,0,0,0,0,0,0,0,0,0,0,0,0,0,0,0,0,0,0,0
data\external\celeba\celeba\img_align_celeba\000128.jpg,celeba,000128.jpg,1,0,1,0,0,0,0,0,0,0,0,0,0,0,0,0,0,0,0,0,0,0,0,0,0,0,0,0,0,0
data\external\celeba\celeba\img_align_celeba\000129.jpg,celeba,000129.jpg,1,1,0,0,0,0,1,0,0,0,0,0,0,0,0,0,0,0,0,0,0,0,0,0,0,0,0,0,0,0
data\external\celeba\celeba\img_align_celeba\000130.jpg,celeba,000130.jpg,1,1,0,0,0,0,0,0,0,0,0,0,0,0,0,0,0,0,0,0,0,0,0,0,0,0,0,0,0,0
data\external\celeba\celeba\img_align_celeba\000131.jpg,celeba,000131.jpg,1,0,1,0,0,0,1,0,0,0,0,1,1,0,0,0,0,0,0,0,0,0,0,0,0,0,0,0,0,0
data\external\celeba\celeba\img_align_celeba\000132.jpg,celeba,000132.jpg,1,0,1,0,0,0,1,0,0,0,1,0,0,0,0,0,0,0,0,0,0,0,0,0,0,0,0,0,0,0
data\external\celeba\celeba\img_align_celeba\000133.jpg,celeba,000133.jpg,1,0,1,0,0,0,0,1,0,0,0,0,0,0,0,0,0,0,0,0,0,0,0,0,0,0,0,0,0,0
data\external\celeba\celeba\img_align_celeba\000134.jpg,celeba,000134.jpg,1,1,0,0,0,1,0,0,0,0,0,0,0,0,0,0,0,0,0,0,0,0,0,0,0,0,0,0,0,0
data\external\celeba\celeba\img_align_celeba\000135.jpg,celeba,000135.jpg,1,1,0,0,0,0,1,0,0,0,1,0,0,0,0,0,0,0,0,0,0,0,0,0,0,0,0,0,0,0
data\external\celeba\celeba\img_align_celeba\000136.jpg,celeba,000136.jpg,1,1,0,0,0,0,0,0,1,0,0,1,0,0,0,0,0,0,0,0,0,0,0,0,0,0,0,0,0,0
data\external\celeba\celeba\img_align_celeba\000137.jpg,celeba,000137.jpg,1,1,0,0,0,0,0,0,0,0,0,0,0,0,0,0,0,0,0,0,0,0,0,0,0,0,0,1,0,0
data\external\celeba\celeba\img_align_celeba\000138.jpg,celeba,000138.jpg,1,1,0,0,0,0,0,0,0,0,0,0,0,0,0,0,0,0,0,0,0,0,0,0,0,0,0,1,0,0
data\external\celeba\celeba\img_align_celeba\000139.jpg,celeba,000139.jpg,1,0,1,0,0,0,0,0,0,0,0,1,0,0,0,0,0,0,0,0,0,0,0,0,0,0,0,0,0,0
data\external\celeba\celeba\img_align_celeba\000140.jpg,celeba,000140.jpg,1,0,1,0,0,0,0,1,0,0,0,0,0,0,0,0,0,0,0,0,0,0,0,0,0,0,0,0,0,0
data\external\celeba\celeba\img_align_celeba\000141.jpg,celeba,000141.jpg,1,0,1,0,0,0,0,1,0,0,0,0,0,0,0,0,0,0,0,0,0,0,0,0,0,0,0,0,0,0
data\external\celeba\celeba\img_align_celeba\000142.jpg,celeba,000142.jpg,1,0,1,0,0,0,0,0,0,0,0,1,0,0,0,0,0,0,0,0,0,0,0,0,0,0,0,0,0,0
data\external\celeba\celeba\img_align_celeba\000143.jpg,celeba,000143.jpg,1,1,0,0,0,0,0,0,1,0,1,0,0,0,0,0,0,0,0,0,0,0,0,0,0,0,0,0,0,0
data\external\celeba\celeba\img_align_celeba\000144.jpg,celeba,000144.jpg,1,1,0,0,0,0,1,0,0,0,0,1,0,0,0,0,0,0,0,0,0,0,0,0,0,0,1,0,0,0
data\external\celeba\celeba\img_align_celeba\000145.jpg,celeba,000145.jpg,1,0,1,0,0,0,1,0,0,0,0,1,0,0,0,0,0,0,0,0,0,0,0,0,0,0,0,0,0,0
data\external\celeba\celeba\img_align_celeba\000146.jpg,celeba,000146.jpg,1,0,1,0,0,0,0,0,0,0,1,0,1,0,0,0,0,0,0,0,0,0,0,0,0,0,0,0,0,0
data\external\celeba\celeba\img_align_celeba\000147.jpg,celeba,000147.jpg,1,0,1,0,0,0,0,1,0,0,0,0,0,0,0,0,0,0,0,0,0,0,0,0,0,0,0,0,0,0
data\external\celeba\celeba\img_align_celeba\000148.jpg,celeba,000148.jpg,1,0,1,0,0,0,1,0,0,0,1,0,0,0,0,0,0,0,0,0,0,0,0,0,0,0,0,0,0,0
data\external\celeba\celeba\img_align_celeba\000149.jpg,celeba,000149.jpg,1,0,1,0,0,0,0,0,0,0,0,0,0,0,0,0,0,0,0,0,0,0,0,0,0,0,0,1,0,0
data\external\celeba\celeba\img_align_celeba\000150.jpg,celeba,000150.jpg,1,1,0,0,0,0,0,0,0,0,0,0,0,0,0,0,0,0,0,0,0,0,0,0,0,0,0,0,0,0
data\external\celeba\celeba\img_align_celeba\000151.jpg,celeba,000151.jpg,1,0,1,0,0,0,0,0,1,0,1,0,0,0,0,0,0,0,0,0,0,0,0,0,0,0,0,0,0,0
data\external\celeba\celeba\img_align_celeba\000152.jpg,celeba,000152.jpg,1,1,0,0,0,0,0,1,0,0,1,0,0,0,0,0,0,0,0,0,0,0,0,0,0,0,1,0,0,0
data\external\celeba\celeba\img_align_celeba\000153.jpg,celeba,000153.jpg,1,1,0,0,0,0,0,0,0,0,1,0,0,0,0,0,0,0,0,0,0,0,0,0,0,0,0,0,0,0
data\external\celeba\celeba\img_align_celeba\000154.jpg,celeba,000154.jpg,1,1,0,0,0,0,0,0,0,0,0,0,0,0,0,0,0,0,0,0,0,0,0,0,0,0,1,1,0,0
data\external\celeba\celeba\img_align_celeba\000155.jpg,celeba,000155.jpg,1,0,1,0,0,0,0,0,0,0,0,0,0,0,0,0,0,0,0,0,0,0,0,0,0,0,0,0,0,0
data\external\celeba\celeba\img_align_celeba\000156.jpg,celeba,000156.jpg,1,0,1,0,0,0,0,1,0,0,0,1,0,0,0,0,0,0,0,0,0,0,0,0,0,0,0,0,0,0
data\external\celeba\celeba\img_align_celeba\000157.jpg,celeba,000157.jpg,1,0,1,0,0,0,0,1,0,0,1,0,0,0,0,0,0,0,0,0,0,0,0,0,0,0,0,0,0,0
data\external\celeba\celeba\img_align_celeba\000158.jpg,celeba,000158.jpg,1,1,0,0,0,0,1,0,0,0,0,0,0,0,0,0,0,0,0,0,0,0,0,0,0,0,0,0,0,0
data\external\celeba\celeba\img_align_celeba\000159.jpg,celeba,000159.jpg,1,0,1,0,0,0,0,0,0,0,0,0,0,0,0,0,0,0,0,0,0,0,0,0,0,0,0,0,0,0
data\external\celeba\celeba\img_align_celeba\000160.jpg,celeba,000160.jpg,1,1,0,0,0,0,1,0,0,0,0,0,0,0,0,0,0,0,0,0,0,0,0,0,0,0,0,0,0,0
data\external\celeba\celeba\img_align_celeba\000161.jpg,celeba,000161.jpg,1,0,1,0,0,0,1,0,0,0,1,0,0,0,0,0,0,0,0,0,0,0,0,0,0,0,0,0,0,0
data\external\celeba\celeba\img_align_celeba\000162.jpg,celeba,000162.jpg,1,0,1,0,0,0,1,0,0,0,0,1,0,1,0,0,0,0,0,0,0,0,0,0,0,0,0,0,0,0
data\external\celeba\celeba\img_align_celeba\000163.jpg,celeba,000163.jpg,1,0,1,0,0,0,0,0,1,0,0,1,0,0,0,0,0,0,0,0,0,0,0,0,0,0,0,0,0,0
data\external\celeba\celeba\img_align_celeba\000164.jpg,celeba,000164.jpg,1,1,0,0,0,0,1,0,0,0,1,0,0,0,0,0,0,0,0,0,0,0,0,0,0,0,0,0,0,0
data\external\celeba\celeba\img_align_celeba\000165.jpg,celeba,000165.jpg,1,0,1,0,0,0,0,0,1,0,0,1,0,0,0,0,0,0,0,0,0,0,0,0,0,0,0,0,0,0
data\external\celeba\celeba\img_align_celeba\000166.jpg,celeba,000166.jpg,1,1,0,0,0,0,0,0,0,0,0,0,0,0,0,0,0,0,0,0,0,0,0,0,0,0,0,1,0,0
data\external\celeba\celeba\img_align_celeba\000167.jpg,celeba,000167.jpg,1,0,1,0,0,0,0,1,0,0,0,0,0,0,0,0,0,0,0,0,0,0,0,0,0,0,0,0,0,0
data\external\celeba\celeba\img_align_celeba\000168.jpg,celeba,000168.jpg,1,0,1,0,0,0,1,0,0,0,1,0,0,1,0,0,0,0,0,0,0,0,0,0,0,0,0,0,0,0
data\external\celeba\celeba\img_align_celeba\000169.jpg,celeba,000169.jpg,1,1,0,0,0,0,0,0,0,0,0,0,0,0,0,0,0,0,0,0,0,0,0,0,0,0,0,0,0,0
data\external\celeba\celeba\img_align_celeba\000170.jpg,celeba,000170.jpg,1,0,1,0,0,0,0,0,1,0,0,0,1,0,0,0,0,0,0,0,0,0,0,0,0,0,0,0,0,0
data\external\celeba\celeba\img_align_celeba\000171.jpg,celeba,000171.jpg,1,1,0,0,0,0,0,0,1,0,1,0,0,0,0,0,0,0,0,0,0,0,0,0,0,0,0,0,0,0
data\external\celeba\celeba\img_align_celeba\000172.jpg,celeba,000172.jpg,1,0,1,0,0,0,0,0,1,0,0,1,1,0,0,0,0,0,0,0,0,0,0,0,0,0,0,0,0,0
data\external\celeba\celeba\img_align_celeba\000173.jpg,celeba,000173.jpg,1,0,1,0,0,0,1,0,0,0,0,0,0,0,0,0,0,0,0,0,0,0,0,0,0,0,0,0,0,0
data\external\celeba\celeba\img_align_celeba\000174.jpg,celeba,000174.jpg,1,0,1,0,0,0,0,0,0,0,0,0,0,0,0,0,0,0,0,0,0,0,0,0,0,0,0,0,0,0
data\external\celeba\celeba\img_align_celeba\000175.jpg,celeba,000175.jpg,1,0,1,0,0,0,0,0,1,0,1,0,0,0,0,0,0,0,0,0,0,0,0,0,0,0,0,0,0,0
data\external\celeba\celeba\img_align_celeba\000176.jpg,celeba,000176.jpg,1,0,1,0,0,0,0,0,0,0,0,0,0,0,0,0,0,0,0,0,0,0,0,0,0,0,0,0,0,0
data\external\celeba\celeba\img_align_celeba\000177.jpg,celeba,000177.jpg,1,0,1,0,0,0,1,0,0,0,0,0,0,0,0,0,0,0,0,0,0,0,0,0,0,0,0,0,0,0
data\external\celeba\celeba\img_align_celeba\000178.jpg,celeba,000178.jpg,1,0,1,0,0,0,0,0,1,0,0,1,1,0,0,0,0,0,0,0,0,0,0,0,0,0,0,0,0,0
data\external\celeba\celeba\img_align_celeba\000179.jpg,celeba,000179.jpg,1,0,1,0,0,0,1,0,0,0,0,0,0,0,0,0,0,0,0,0,0,0,0,0,0,0,0,0,0,0
data\external\celeba\celeba\img_align_celeba\000180.jpg,celeba,000180.jpg,1,0,1,0,0,0,0,0,1,0,0,0,1,0,0,0,0,0,0,0,0,0,0,0,0,0,0,0,0,0
data\external\celeba\celeba\img_align_celeba\000181.jpg,celeba,000181.jpg,1,1,0,0,0,0,1,0,0,0,0,0,0,0,0,0,0,0,0,0,0,0,0,0,0,0,0,0,0,0
data\external\celeba\celeba\img_align_celeba\000182.jpg,celeba,000182.jpg,1,1,0,0,0,1,0,0,0,0,0,0,0,0,0,0,0,0,0,0,0,0,0,0,0,0,0,0,0,0
data\external\celeba\celeba\img_align_celeba\000183.jpg,celeba,000183.jpg,1,0,1,0,0,0,0,0,0,0,1,0,1,0,0,0,0,0,0,0,0,0,0,0,0,0,0,0,0,0
data\external\celeba\celeba\img_align_celeba\000184.jpg,celeba,000184.jpg,1,0,1,0,0,0,0,0,0,0,0,0,0,0,0,0,0,0,0,0,0,0,0,0,0,0,0,0,0,0
data\external\celeba\celeba\img_align_celeba\000185.jpg,celeba,000185.jpg,1,0,1,0,0,0,0,0,0,0,0,1,1,0,0,0,0,0,0,0,0,0,0,0,0,0,0,0,0,0
data\external\celeba\celeba\img_align_celeba\000186.jpg,celeba,000186.jpg,1,0,1,0,0,0,0,0,0,0,1,0,0,0,0,0,0,0,0,0,0,0,0,0,0,0,0,0,0,0
data\external\celeba\celeba\img_align_celeba\000187.jpg,celeba,000187.jpg,1,1,0,0,0,0,1,0,0,0,1,0,0,0,0,0,0,0,0,0,0,0,0,0,0,0,0,0,0,0
data\external\celeba\celeba\img_align_celeba\000188.jpg,celeba,000188.jpg,1,1,0,0,0,0,0,0,1,0,1,0,0,0,0,0,0,0,0,0,0,0,0,0,0,0,1,0,0,0
data\external\celeba\celeba\img_align_celeba\000189.jpg,celeba,000189.jpg,1,0,1,0,0,0,0,0,1,0,0,0,0,0,0,0,0,0,0,0,0,0,0,0,0,0,1,0,0,0
data\external\celeba\celeba\img_align_celeba\000190.jpg,celeba,000190.jpg,1,0,1,0,0,0,0,0,0,0,0,1,0,0,0,0,0,0,0,0,0,0,0,0,0,0,0,0,0,0
data\external\celeba\celeba\img_align_celeba\000191.jpg,celeba,000191.jpg,1,0,1,0,0,0,0,1,0,0,1,0,1,0,0,0,0,0,0,0,0,0,0,0,0,0,0,0,0,0
data\external\celeba\celeba\img_align_celeba\000192.jpg,celeba,000192.jpg,1,0,1,0,0,0,0,0,0,0,0,1,0,0,0,0,0,0,0,0,0,0,0,0,0,0,0,0,0,0
data\external\celeba\celeba\img_align_celeba\000193.jpg,celeba,000193.jpg,1,1,0,0,0,0,1,0,0,0,0,0,0,0,0,0,0,0,0,0,0,0,0,0,0,0,1,0,0,0
data\external\celeba\celeba\img_align_celeba\000194.jpg,celeba,000194.jpg,1,1,0,0,0,0,0,0,0,0,0,0,0,0,0,0,0,0,0,0,0,0,0,0,0,0,0,0,0,0
data\external\celeba\celeba\img_align_celeba\000195.jpg,celeba,000195.jpg,1,1,0,0,0,0,0,0,0,0,0,0,0,0,0,0,0,0,0,0,0,0,0,0,0,0,0,1,0,0
data\external\celeba\celeba\img_align_celeba\000196.jpg,celeba,000196.jpg,1,1,0,0,0,0,0,0,0,0,0,0,0,0,0,0,0,0,0,0,0,0,0,0,0,0,0,1,0,0
data\external\celeba\celeba\img_align_celeba\000197.jpg,celeba,000197.jpg,1,1,0,0,0,0,0,0,0,0,1,0,0,0,0,0,0,0,0,0,0,0,0,0,0,0,0,0,0,0
data\external\celeba\celeba\img_align_celeba\000198.jpg,celeba,000198.jpg,1,0,1,0,0,0,0,0,1,0,0,0,0,0,0,0,0,0,0,0,0,0,0,0,0,0,0,0,0,0
data\external\celeba\celeba\img_align_celeba\000199.jpg,celeba,000199.jpg,1,1,0,0,0,0,0,0,0,0,0,0,0,0,0,0,0,0,0,0,0,0,0,0,0,0,0,1,0,0
data\external\celeba\celeba\img_align_celeba\000200.jpg,celeba,000200.jpg,1,1,0,0,0,0,0,0,1,0,0,0,1,0,0,0,0,0,0,0,0,0,0,0,0,0,0,0,0,0
data\external\celeba\celeba\img_align_celeba\000201.jpg,celeba,000201.jpg,1,0,1,0,0,0,0,1,0,0,0,0,0,0,0,0,0,0,0,0,0,0,0,0,0,0,0,0,0,0
data\external\celeba\celeba\img_align_celeba\000202.jpg,celeba,000202.jpg,1,1,0,0,0,0,0,0,0,1,0,0,0,0,0,0,0,0,0,0,0,0,0,0,0,0,1,0,0,0
data\external\celeba\celeba\img_align_celeba\000203.jpg,celeba,000203.jpg,1,1,0,0,0,0,0,0,0,0,0,0,0,0,0,0,0,0,0,0,0,0,0,0,0,0,0,0,0,0
data\external\celeba\celeba\img_align_celeba\000204.jpg,celeba,000204.jpg,1,0,1,0,0,0,1,0,0,0,0,0,0,1,0,0,0,0,0,0,0,0,0,0,0,0,0,0,0,0
data\external\celeba\celeba\img_align_celeba\000205.jpg,celeba,000205.jpg,1,1,0,0,0,0,0,0,1,0,0,0,0,0,0,0,0,0,0,0,0,0,0,0,0,0,0,0,0,0
data\external\celeba\celeba\img_align_celeba\000206.jpg,celeba,000206.jpg,1,1,0,0,0,0,1,0,0,0,0,0,0,0,0,0,0,0,0,0,0,0,0,0,0,0,0,0,0,0
data\external\celeba\celeba\img_align_celeba\000207.jpg,celeba,000207.jpg,1,0,1,0,0,0,0,0,0,0,0,1,1,0,0,0,0,0,0,0,0,0,0,0,0,0,0,0,0,0
data\external\celeba\celeba\img_align_celeba\000208.jpg,celeba,000208.jpg,1,0,1,0,0,0,0,0,1,0,1,0,1,0,0,0,0,0,0,0,0,0,0,0,0,0,0,0,0,0
data\external\celeba\celeba\img_align_celeba\000209.jpg,celeba,000209.jpg,1,1,0,0,0,1,0,0,0,0,0,0,0,1,0,0,0,0,0,0,0,0,0,0,0,0,0,0,0,0
data\external\celeba\celeba\img_align_celeba\000210.jpg,celeba,000210.jpg,1,1,0,0,0,0,0,0,0,0,0,0,0,0,0,0,0,0,0,0,0,0,0,0,0,0,0,1,0,0
data\external\celeba\celeba\img_align_celeba\000211.jpg,celeba,000211.jpg,1,0,1,0,0,0,0,0,0,0,0,1,0,0,0,0,0,0,0,0,0,0,0,0,0,0,0,0,0,0
data\external\celeba\celeba\img_align_celeba\000212.jpg,celeba,000212.jpg,1,1,0,0,0,0,1,0,0,0,1,0,0,0,0,0,0,0,0,0,0,0,0,0,0,0,0,0,0,0
data\external\celeba\celeba\img_align_celeba\000213.jpg,celeba,000213.jpg,1,1,0,0,0,0,0,0,0,1,0,0,0,0,0,0,0,0,0,0,0,0,0,0,0,0,0,0,0,0
data\external\celeba\celeba\img_align_celeba\000214.jpg,celeba,000214.jpg,1,1,0,0,0,0,1,0,0,0,1,0,0,0,0,0,0,0,0,0,0,0,0,0,0,0,0,0,0,0
data\external\celeba\celeba\img_align_celeba\000215.jpg,celeba,000215.jpg,1,1,0,0,0,0,0,0,1,0,0,0,0,0,0,0,0,0,0,0,0,0,0,0,0,0,0,0,0,0
data\external\celeba\celeba\img_align_celeba\000216.jpg,celeba,000216.jpg,1,0,1,0,0,0,1,0,0,0,1,0,0,1,0,0,0,0,0,0,0,0,0,0,0,0,0,0,0,0
data\external\celeba\celeba\img_align_celeba\000217.jpg,celeba,000217.jpg,1,0,1,0,0,0,0,1,0,0,0,1,1,0,0,0,0,0,0,0,0,0,0,0,0,0,0,0,0,0
data\external\celeba\celeba\img_align_celeba\000218.jpg,celeba,000218.jpg,1,0,1,0,0,0,0,1,0,0,0,0,0,0,0,0,0,0,0,0,0,0,0,0,0,0,0,0,0,0
data\external\celeba\celeba\img_align_celeba\000219.jpg,celeba,000219.jpg,1,0,1,0,0,0,0,0,1,0,0,1,0,0,0,0,0,0,0,0,0,0,0,0,0,0,0,0,0,0
data\external\celeba\celeba\img_align_celeba\000220.jpg,celeba,000220.jpg,1,1,0,0,0,0,0,0,0,0,0,0,0,0,0,0,0,0,0,0,0,0,0,0,0,0,0,0,0,0
data\external\celeba\celeba\img_align_celeba\000221.jpg,celeba,000221.jpg,1,1,0,0,0,0,0,0,0,1,0,0,0,1,0,0,0,0,0,0,0,0,0,0,0,0,0,0,0,0
data\external\celeba\celeba\img_align_celeba\000222.jpg,celeba,000222.jpg,1,0,1,0,0,0,0,0,1,0,0,0,0,0,0,0,0,0,0,0,0,0,0,0,0,0,0,0,0,0
data\external\celeba\celeba\img_align_celeba\000223.jpg,celeba,000223.jpg,1,1,0,0,0,0,0,1,0,0,1,0,0,0,0,0,0,0,0,0,0,0,0,0,0,0,0,0,0,0
data\external\celeba\celeba\img_align_celeba\000224.jpg,celeba,000224.jpg,1,1,0,0,0,0,0,0,0,1,0,0,0,0,0,0,0,0,0,0,0,0,0,0,0,0,0,0,0,0
data\external\celeba\celeba\img_align_celeba\000225.jpg,celeba,000225.jpg,1,0,1,0,0,0,0,0,1,0,1,0,0,0,0,0,0,0,0,0,0,0,0,0,0,0,0,0,0,0
data\external\celeba\celeba\img_align_celeba\000226.jpg,celeba,000226.jpg,1,1,0,0,0,1,0,0,0,0,0,0,0,0,0,0,0,0,0,0,0,0,0,0,0,0,0,0,0,0
data\external\celeba\celeba\img_align_celeba\000227.jpg,celeba,000227.jpg,1,1,0,0,0,0,0,0,0,0,1,0,0,0,0,0,0,0,0,0,0,0,0,0,0,0,0,0,0,0
data\external\celeba\celeba\img_align_celeba\000228.jpg,celeba,000228.jpg,1,0,1,0,0,0,0,1,0,0,1,0,0,0,0,0,0,0,0,0,0,0,0,0,0,0,0,0,0,0
data\external\celeba\celeba\img_align_celeba\000229.jpg,celeba,000229.jpg,1,1,0,0,0,0,0,0,0,0,1,0,0,0,0,0,0,0,0,0,0,0,0,0,0,0,1,0,0,0
data\external\celeba\celeba\img_align_celeba\000230.jpg,celeba,000230.jpg,1,1,0,0,0,0,1,0,0,0,0,0,0,0,0,0,0,0,0,0,0,0,0,0,0,0,0,0,0,0
data\external\celeba\celeba\img_align_celeba\000231.jpg,celeba,000231.jpg,1,0,1,0,0,0,0,0,0,0,0,1,0,0,0,0,0,0,0,0,0,0,0,0,0,0,0,0,0,0
data\external\celeba\celeba\img_align_celeba\000232.jpg,celeba,000232.jpg,1,0,1,0,0,0,0,0,0,0,0,1,0,0,0,0,0,0,0,0,0,0,0,0,0,0,0,0,0,0
data\external\celeba\celeba\img_align_celeba\000233.jpg,celeba,000233.jpg,1,0,1,0,0,0,1,0,0,0,0,0,0,0,0,0,0,0,0,0,0,0,0,0,0,0,0,0,0,0
data\external\celeba\celeba\img_align_celeba\000234.jpg,celeba,000234.jpg,1,1,0,0,0,0,0,0,0,1,0,0,0,1,0,0,0,0,0,0,0,0,0,0,0,0,1,0,0,0
data\external\celeba\celeba\img_align_celeba\000235.jpg,celeba,000235.jpg,1,1,0,0,0,0,0,0,1,0,0,0,0,0,0,0,0,0,0,0,0,0,0,0,0,0,0,0,0,0
data\external\celeba\celeba\img_align_celeba\000236.jpg,celeba,000236.jpg,1,0,1,0,0,0,0,0,0,0,0,0,0,0,0,0,0,0,0,0,0,0,0,0,0,0,0,0,0,0
data\external\celeba\celeba\img_align_celeba\000237.jpg,celeba,000237.jpg,1,1,0,0,0,0,0,0,0,0,0,0,0,1,0,0,0,0,0,0,0,0,0,0,0,0,1,0,0,0
data\external\celeba\celeba\img_align_celeba\000238.jpg,celeba,000238.jpg,1,0,1,0,0,0,0,0,1,0,0,1,0,0,0,0,0,0,0,0,0,0,0,0,0,0,0,0,0,0
data\external\celeba\celeba\img_align_celeba\000239.jpg,celeba,000239.jpg,1,0,1,0,0,0,0,1,0,0,1,0,1,0,0,0,0,0,0,0,0,0,0,0,0,0,0,0,0,0
data\external\celeba\celeba\img_align_celeba\000240.jpg,celeba,000240.jpg,1,0,1,0,0,0,0,0,1,0,0,0,0,0,0,0,0,0,0,0,0,0,0,0,0,0,0,0,0,0
data\external\celeba\celeba\img_align_celeba\000241.jpg,celeba,000241.jpg,1,0,1,0,0,0,0,0,1,0,0,0,0,0,0,0,0,0,0,0,0,0,0,0,0,0,0,0,0,0
data\external\celeba\celeba\img_align_celeba\000242.jpg,celeba,000242.jpg,1,1,0,0,0,0,1,0,0,0,0,0,0,0,0,0,0,0,0,0,0,0,0,0,0,0,0,0,0,0
data\external\celeba\celeba\img_align_celeba\000243.jpg,celeba,000243.jpg,1,0,1,0,0,0,0,0,1,0,0,1,0,0,0,0,0,0,0,0,0,0,0,0,0,0,0,1,0,0
data\external\celeba\celeba\img_align_celeba\000244.jpg,celeba,000244.jpg,1,1,0,0,0,0,0,0,0,0,1,0,0,0,0,0,0,0,0,0,0,0,0,0,0,0,0,0,0,0
data\external\celeba\celeba\img_align_celeba\000245.jpg,celeba,000245.jpg,1,1,0,0,0,0,1,0,0,0,0,0,0,0,0,0,0,0,0,0,0,0,0,0,0,0,0,0,0,0
data\external\celeba\celeba\img_align_celeba\000246.jpg,celeba,000246.jpg,1,0,1,0,0,0,1,0,0,0,1,0,1,0,0,0,0,0,0,0,0,0,0,0,0,0,0,0,0,0
data\external\celeba\celeba\img_align_celeba\000247.jpg,celeba,000247.jpg,1,0,1,0,0,0,0,1,0,0,1,0,1,0,0,0,0,0,0,0,0,0,0,0,0,0,0,0,0,0
data\external\celeba\celeba\img_align_celeba\000248.jpg,celeba,000248.jpg,1,1,0,0,0,0,0,0,0,0,0,0,0,1,0,0,0,0,0,0,0,0,0,0,0,0,0,0,0,0
data\external\celeba\celeba\img_align_celeba\000249.jpg,celeba,000249.jpg,1,0,1,0,0,0,0,0,0,0,0,0,0,0,0,0,0,0,0,0,0,0,0,0,0,0,0,0,0,0
data\external\celeba\celeba\img_align_celeba\000250.jpg,celeba,000250.jpg,1,1,0,0,0,0,1,0,0,0,0,0,0,1,0,0,0,0,0,0,0,0,0,0,0,0,0,0,0,0
data\external\celeba\celeba\img_align_celeba\000251.jpg,celeba,000251.jpg,1,0,1,0,0,0,0,0,0,0,0,1,0,0,0,0,0,0,0,0,0,0,0,0,0,0,0,0,0,0
data\external\celeba\celeba\img_align_celeba\000252.jpg,celeba,000252.jpg,1,0,1,0,0,0,0,0,0,1,0,1,0,0,0,0,0,0,0,0,0,0,0,0,0,0,0,0,0,0
data\external\celeba\celeba\img_align_celeba\000253.jpg,celeba,000253.jpg,1,1,0,0,0,0,0,0,0,0,0,0,0,1,0,0,0,0,0,0,0,0,0,0,0,0,0,0,0,0
data\external\celeba\celeba\img_align_celeba\000254.jpg,celeba,000254.jpg,1,0,1,0,0,0,0,0,0,0,0,0,0,0,0,0,0,0,0,0,0,0,0,0,0,0,0,0,0,0
data\external\celeba\celeba\img_align_celeba\000255.jpg,celeba,000255.jpg,1,1,0,0,0,0,0,0,0,0,0,0,1,0,0,0,0,0,0,0,0,0,0,0,0,0,0,0,0,0
data\external\celeba\celeba\img_align_celeba\000256.jpg,celeba,000256.jpg,1,0,1,0,0,0,1,0,0,0,1,0,0,1,0,0,0,0,0,0,0,0,0,0,0,0,0,0,0,0
data\external\celeba\celeba\img_align_celeba\000257.jpg,celeba,000257.jpg,1,0,1,0,0,0,0,0,0,0,0,1,0,0,0,0,0,0,0,0,0,0,0,0,0,0,0,0,0,0
data\external\celeba\celeba\img_align_celeba\000258.jpg,celeba,000258.jpg,1,0,1,0,0,0,0,0,0,0,0,1,0,0,0,0,0,0,0,0,0,0,0,0,0,0,0,0,0,0
data\external\celeba\celeba\img_align_celeba\000259.jpg,celeba,000259.jpg,1,0,1,0,0,0,0,0,1,0,0,1,1,0,0,0,0,0,0,0,0,0,0,0,0,0,0,0,0,0
data\external\celeba\celeba\img_align_celeba\000260.jpg,celeba,000260.jpg,1,0,1,0,0,0,1,0,0,0,0,1,0,0,0,0,0,0,0,0,0,0,0,0,0,0,0,0,0,0
data\external\celeba\celeba\img_align_celeba\000261.jpg,celeba,000261.jpg,1,1,0,0,0,0,0,0,1,0,1,0,1,0,0,0,0,0,0,0,0,0,0,0,0,0,0,0,0,0
data\external\celeba\celeba\img_align_celeba\000262.jpg,celeba,000262.jpg,1,0,1,0,0,0,1,0,0,0,0,1,0,0,0,0,0,0,0,0,0,0,0,0,0,0,0,0,0,0
data\external\celeba\celeba\img_align_celeba\000263.jpg,celeba,000263.jpg,1,0,1,0,0,0,0,0,1,0,0,1,0,0,0,0,0,0,0,0,0,0,0,0,0,0,0,0,0,0
data\external\celeba\celeba\img_align_celeba\000264.jpg,celeba,000264.jpg,1,1,0,0,0,0,0,0,0,1,1,0,0,0,0,0,0,0,0,0,0,0,0,0,0,0,1,0,0,0
data\external\celeba\celeba\img_align_celeba\000265.jpg,celeba,000265.jpg,1,1,0,0,0,0,0,0,0,0,0,0,0,0,0,0,0,0,0,0,0,0,0,0,0,0,0,0,0,0
data\external\celeba\celeba\img_align_celeba\000266.jpg,celeba,000266.jpg,1,1,0,0,0,0,0,0,0,0,0,0,0,1,0,0,0,0,0,0,0,0,0,0,0,0,1,0,0,0
data\external\celeba\celeba\img_align_celeba\000267.jpg,celeba,000267.jpg,1,0,1,0,0,0,0,0,1,0,1,0,0,0,0,0,0,0,0,0,0,0,0,0,0,0,0,0,0,0
data\external\celeba\celeba\img_align_celeba\000268.jpg,celeba,000268.jpg,1,0,1,0,0,0,0,0,1,0,0,1,1,0,0,0,0,0,0,0,0,0,0,0,0,0,0,0,0,0
data\external\celeba\celeba\img_align_celeba\000269.jpg,celeba,000269.jpg,1,0,1,0,0,0,1,0,0,0,0,1,1,0,0,0,0,0,0,0,0,0,0,0,0,0,0,0,0,0
data\external\celeba\celeba\img_align_celeba\000270.jpg,celeba,000270.jpg,1,0,1,0,0,0,0,0,1,0,1,0,0,0,0,0,0,0,0,0,0,0,0,0,0,0,0,0,0,0
data\external\celeba\celeba\img_align_celeba\000271.jpg,celeba,000271.jpg,1,0,1,0,0,0,0,1,0,0,0,1,1,0,0,0,0,0,0,0,0,0,0,0,0,0,0,0,0,0
data\external\celeba\celeba\img_align_celeba\000272.jpg,celeba,000272.jpg,1,1,0,0,0,0,1,0,0,0,0,0,0,0,0,0,0,0,0,0,0,0,0,0,0,0,0,0,0,0
data\external\celeba\celeba\img_align_celeba\000273.jpg,celeba,000273.jpg,1,0,1,0,0,0,0,0,0,0,0,1,0,0,0,0,0,0,0,0,0,0,0,0,0,0,0,0,0,0
data\external\celeba\celeba\img_align_celeba\000274.jpg,celeba,000274.jpg,1,1,0,0,0,0,0,0,0,0,1,0,0,0,0,0,0,0,0,0,0,0,0,0,0,0,0,0,0,0
data\external\celeba\celeba\img_align_celeba\000275.jpg,celeba,000275.jpg,1,0,1,0,0,0,0,0,0,0,1,0,0,0,0,0,0,0,0,0,0,0,0,0,0,0,1,0,0,0
data\external\celeba\celeba\img_align_celeba\000276.jpg,celeba,000276.jpg,1,1,0,0,0,0,0,0,0,0,0,1,0,1,0,0,0,0,0,0,0,0,0,0,0,0,1,0,0,0
data\external\celeba\celeba\img_align_celeba\000277.jpg,celeba,000277.jpg,1,1,0,0,0,0,1,0,0,0,0,1,0,0,0,0,0,0,0,0,0,0,0,0,0,0,0,0,0,0
data\external\celeba\celeba\img_align_celeba\000278.jpg,celeba,000278.jpg,1,0,1,0,0,0,0,1,0,0,0,1,0,0,0,0,0,0,0,0,0,0,0,0,0,0,0,0,0,0
data\external\celeba\celeba\img_align_celeba\000279.jpg,celeba,000279.jpg,1,0,1,0,0,0,0,0,1,0,0,1,0,0,0,0,0,0,0,0,0,0,0,0,0,0,0,0,0,0
data\external\celeba\celeba\img_align_celeba\000280.jpg,celeba,000280.jpg,1,0,1,0,0,0,0,0,0,0,1,0,0,0,0,0,0,0,0,0,0,0,0,0,0,0,0,0,0,0
data\external\celeba\celeba\img_align_celeba\000281.jpg,celeba,000281.jpg,1,0,1,0,0,0,0,0,1,0,0,1,0,0,0,0,0,0,0,0,0,0,0,0,0,0,0,0,0,0
data\external\celeba\celeba\img_align_celeba\000282.jpg,celeba,000282.jpg,1,1,0,0,0,0,0,0,0,0,1,0,0,0,0,0,0,0,0,0,0,0,0,0,0,0,0,0,0,0
data\external\celeba\celeba\img_align_celeba\000283.jpg,celeba,000283.jpg,1,1,0,0,0,0,0,0,0,0,0,0,0,0,0,0,0,0,0,0,0,0,0,0,0,0,0,0,0,0
data\external\celeba\celeba\img_align_celeba\000284.jpg,celeba,000284.jpg,1,1,0,0,0,0,1,0,0,0,0,0,0,0,0,0,0,0,0,0,0,0,0,0,0,0,0,0,0,0
data\external\celeba\celeba\img_align_celeba\000285.jpg,celeba,000285.jpg,1,0,1,0,0,0,1,0,0,0,1,0,0,0,0,0,0,0,0,0,0,0,0,0,0,0,0,0,0,0
data\external\celeba\celeba\img_align_celeba\000286.jpg,celeba,000286.jpg,1,1,0,0,0,0,1,0,0,0,1,0,0,0,0,0,0,0,0,0,0,0,0,0,0,0,0,0,0,0
data\external\celeba\celeba\img_align_celeba\000287.jpg,celeba,000287.jpg,1,0,1,0,0,0,0,1,0,0,0,1,0,0,0,0,0,0,0,0,0,0,0,0,0,0,0,0,0,0
data\external\celeba\celeba\img_align_celeba\000288.jpg,celeba,000288.jpg,1,0,1,0,0,0,0,0,0,0,0,0,0,0,0,0,0,0,0,0,0,0,0,0,0,0,0,0,0,0
data\external\celeba\celeba\img_align_celeba\000289.jpg,celeba,000289.jpg,1,0,1,0,0,0,1,0,0,0,1,0,0,1,0,0,0,0,0,0,0,0,0,0,0,0,0,0,0,0
data\external\celeba\celeba\img_align_celeba\000290.jpg,celeba,000290.jpg,1,0,1,0,0,0,0,0,0,0,0,1,0,0,0,0,0,0,0,0,0,0,0,0,0,0,0,0,0,0
data\external\celeba\celeba\img_align_celeba\000291.jpg,celeba,000291.jpg,1,0,1,0,0,0,0,1,0,0,0,1,1,0,0,0,0,0,0,0,0,0,0,0,0,0,0,0,0,0
data\external\celeba\celeba\img_align_celeba\000292.jpg,celeba,000292.jpg,1,0,1,0,0,0,1,0,0,0,0,0,0,0,0,0,0,0,0,0,0,0,0,0,0,0,0,0,0,0
data\external\celeba\celeba\img_align_celeba\000293.jpg,celeba,000293.jpg,1,1,0,0,0,0,0,0,0,0,0,0,1,0,0,0,0,0,0,0,0,0,0,0,0,0,0,0,0,0
data\external\celeba\celeba\img_align_celeba\000294.jpg,celeba,000294.jpg,1,1,0,0,0,0,1,0,0,0,0,0,0,0,0,0,0,0,0,0,0,0,0,0,0,0,0,0,0,0
data\external\celeba\celeba\img_align_celeba\000295.jpg,celeba,000295.jpg,1,1,0,0,0,0,0,0,0,1,0,0,0,1,0,0,0,0,0,0,0,0,0,0,0,0,0,0,0,0
data\external\celeba\celeba\img_align_celeba\000296.jpg,celeba,000296.jpg,1,0,1,0,0,0,0,0,1,0,0,1,0,0,0,0,0,0,0,0,0,0,0,0,0,0,0,0,0,0
data\external\celeba\celeba\img_align_celeba\000297.jpg,celeba,000297.jpg,1,1,0,0,0,0,1,0,0,0,1,0,0,0,0,0,0,0,0,0,0,0,0,0,0,0,0,0,0,0
data\external\celeba\celeba\img_align_celeba\000298.jpg,celeba,000298.jpg,1,1,0,0,0,0,1,0,0,0,0,0,0,0,0,0,0,0,0,0,0,0,0,0,0,0,0,0,0,0
data\external\celeba\celeba\img_align_celeba\000299.jpg,celeba,000299.jpg,1,1,0,0,0,1,0,0,0,0,0,0,0,0,0,0,0,0,0,0,0,0,0,0,0,0,0,0,0,0
data\external\celeba\celeba\img_align_celeba\000300.jpg,celeba,000300.jpg,1,1,0,0,0,0,1,0,0,0,0,0,0,1,0,0,0,0,0,0,0,0,0,0,0,0,0,0,0,0
data\external\celeba\celeba\img_align_celeba\000301.jpg,celeba,000301.jpg,1,0,1,0,0,0,0,0,1,0,0,0,0,0,0,0,0,0,0,0,0,0,0,0,0,0,0,0,0,0
data\external\celeba\celeba\img_align_celeba\000302.jpg,celeba,000302.jpg,1,0,1,0,0,0,0,1,0,0,0,0,0,0,0,0,0,0,0,0,0,0,0,0,0,0,0,0,0,0
data\external\celeba\celeba\img_align_celeba\000303.jpg,celeba,000303.jpg,1,0,1,0,0,0,1,0,0,0,0,1,0,1,0,0,0,0,0,0,0,0,0,0,0,0,0,0,0,0
data\external\celeba\celeba\img_align_celeba\000304.jpg,celeba,000304.jpg,1,0,1,0,0,0,0,0,0,0,0,1,0,0,0,0,0,0,0,0,0,0,0,0,0,0,0,0,0,0
data\external\celeba\celeba\img_align_celeba\000305.jpg,celeba,000305.jpg,1,0,1,0,0,0,0,0,1,0,0,1,0,0,0,0,0,0,0,0,0,0,0,0,0,0,0,0,0,0
data\external\celeba\celeba\img_align_celeba\000306.jpg,celeba,000306.jpg,1,1,0,0,0,1,0,0,0,0,0,0,0,1,0,0,0,0,0,0,0,0,0,0,0,0,0,0,0,0
data\external\celeba\celeba\img_align_celeba\000307.jpg,celeba,000307.jpg,1,1,0,0,0,0,0,0,1,0,0,0,0,1,0,0,0,0,0,0,0,0,0,0,0,0,0,0,0,0
data\external\celeba\celeba\img_align_celeba\000308.jpg,celeba,000308.jpg,1,0,1,0,0,0,0,0,0,0,0,1,1,0,0,0,0,0,0,0,0,0,0,0,0,0,0,1,0,0
data\external\celeba\celeba\img_align_celeba\000309.jpg,celeba,000309.jpg,1,0,1,0,0,0,0,0,1,0,0,1,0,0,0,0,0,0,0,0,0,0,0,0,0,0,0,0,0,0
data\external\celeba\celeba\img_align_celeba\000310.jpg,celeba,000310.jpg,1,1,0,0,0,0,0,0,0,1,1,0,0,0,0,0,0,0,0,0,0,0,0,0,0,0,1,0,0,0
data\external\celeba\celeba\img_align_celeba\000311.jpg,celeba,000311.jpg,1,1,0,0,0,0,0,0,0,0,0,0,0,1,0,0,0,0,0,0,0,0,0,0,0,0,0,0,0,0
data\external\celeba\celeba\img_align_celeba\000312.jpg,celeba,000312.jpg,1,0,1,0,0,0,0,0,1,0,0,1,0,0,0,0,0,0,0,0,0,0,0,0,0,0,0,0,0,0
data\external\celeba\celeba\img_align_celeba\000313.jpg,celeba,000313.jpg,1,1,0,0,0,0,0,0,0,1,1,0,0,0,0,0,0,0,0,0,0,0,0,0,0,0,0,0,0,0
data\external\celeba\celeba\img_align_celeba\000314.jpg,celeba,000314.jpg,1,1,0,0,0,0,0,0,0,0,0,0,0,0,0,0,0,0,0,0,0,0,0,0,0,0,0,1,0,0
data\external\celeba\celeba\img_align_celeba\000315.jpg,celeba,000315.jpg,1,0,1,0,0,0,1,0,0,0,1,0,0,0,0,0,0,0,0,0,0,0,0,0,0,0,0,0,0,0
data\external\celeba\celeba\img_align_celeba\000316.jpg,celeba,000316.jpg,1,1,0,0,0,0,0,0,0,1,0,0,0,0,0,0,0,0,0,0,0,0,0,0,0,0,0,0,0,0
data\external\celeba\celeba\img_align_celeba\000317.jpg,celeba,000317.jpg,1,0,1,0,0,0,0,1,0,0,0,0,0,0,0,0,0,0,0,0,0,0,0,0,0,0,0,0,0,0
data\external\celeba\celeba\img_align_celeba\000318.jpg,celeba,000318.jpg,1,1,0,0,0,0,0,0,0,0,1,0,0,0,0,0,0,0,0,0,0,0,0,0,0,0,0,0,0,0
data\external\celeba\celeba\img_align_celeba\000319.jpg,celeba,000319.jpg,1,0,1,0,0,0,0,0,0,0,1,0,0,0,0,0,0,0,0,0,0,0,0,0,0,0,0,0,0,0
data\external\celeba\celeba\img_align_celeba\000320.jpg,celeba,000320.jpg,1,1,0,0,0,0,1,0,0,0,1,0,0,0,0,0,0,0,0,0,0,0,0,0,0,0,0,0,0,0
data\external\celeba\celeba\img_align_celeba\000321.jpg,celeba,000321.jpg,1,1,0,0,0,0,1,0,0,0,0,0,0,1,0,0,0,0,0,0,0,0,0,0,0,0,0,0,0,0
data\external\celeba\celeba\img_align_celeba\000322.jpg,celeba,000322.jpg,1,0,1,0,0,0,0,1,0,0,0,0,0,0,0,0,0,0,0,0,0,0,0,0,0,0,0,0,0,0
data\external\celeba\celeba\img_align_celeba\000323.jpg,celeba,000323.jpg,1,0,1,0,0,0,0,0,0,0,0,1,0,0,0,0,0,0,0,0,0,0,0,0,0,0,0,0,0,0
data\external\celeba\celeba\img_align_celeba\000324.jpg,celeba,000324.jpg,1,1,0,0,0,0,1,0,0,0,0,0,0,0,0,0,0,0,0,0,0,0,0,0,0,0,0,0,0,0
data\external\celeba\celeba\img_align_celeba\000325.jpg,celeba,000325.jpg,1,0,1,0,0,0,0,1,0,0,0,1,0,0,0,0,0,0,0,0,0,0,0,0,0,0,0,0,0,0
data\external\celeba\celeba\img_align_celeba\000326.jpg,celeba,000326.jpg,1,0,1,0,0,0,0,1,0,0,0,1,0,0,0,0,0,0,0,0,0,0,0,0,0,0,0,0,0,0
data\external\celeba\celeba\img_align_celeba\000327.jpg,celeba,000327.jpg,1,0,1,0,0,0,1,0,0,0,0,1,1,0,0,0,0,0,0,0,0,0,0,0,0,0,0,0,0,0
data\external\celeba\celeba\img_align_celeba\000328.jpg,celeba,000328.jpg,1,0,1,0,0,0,0,0,1,0,0,1,0,0,0,0,0,0,0,0,0,0,0,0,0,0,0,0,0,0
data\external\celeba\celeba\img_align_celeba\000329.jpg,celeba,000329.jpg,1,1,0,0,0,0,0,0,1,0,0,1,0,0,0,0,0,0,0,0,0,0,0,0,0,0,0,0,0,0
data\external\celeba\celeba\img_align_celeba\000330.jpg,celeba,000330.jpg,1,1,0,0,0,0,0,0,0,1,0,0,0,0,0,0,0,0,0,0,0,0,0,0,0,0,1,0,0,0
data\external\celeba\celeba\img_align_celeba\000331.jpg,celeba,000331.jpg,1,1,0,0,0,0,0,0,0,0,0,1,1,0,0,0,0,0,0,0,0,0,0,0,0,0,0,0,0,0
data\external\celeba\celeba\img_align_celeba\000332.jpg,celeba,000332.jpg,1,0,1,0,0,0,1,0,0,0,0,1,0,0,0,0,0,0,0,0,0,0,0,0,0,0,0,0,0,0
data\external\celeba\celeba\img_align_celeba\000333.jpg,celeba,000333.jpg,1,1,0,0,0,0,0,0,0,0,0,0,0,0,0,0,0,0,0,0,0,0,0,0,0,0,0,1,0,0
data\external\celeba\celeba\img_align_celeba\000334.jpg,celeba,000334.jpg,1,0,1,0,0,0,0,1,0,0,0,1,0,0,0,0,0,0,0,0,0,0,0,0,0,0,0,0,0,0
data\external\celeba\celeba\img_align_celeba\000335.jpg,celeba,000335.jpg,1,1,0,0,0,0,0,0,0,0,0,0,0,0,0,0,0,0,0,0,0,0,0,0,0,0,1,1,0,0
data\external\celeba\celeba\img_align_celeba\000336.jpg,celeba,000336.jpg,1,1,0,0,0,0,1,0,0,0,0,0,0,0,0,0,0,0,0,0,0,0,0,0,0,0,0,0,0,0
data\external\celeba\celeba\img_align_celeba\000337.jpg,celeba,000337.jpg,1,0,1,0,0,0,0,0,1,0,1,0,0,0,0,0,0,0,0,0,0,0,0,0,0,0,0,0,0,0
data\external\celeba\celeba\img_align_celeba\000338.jpg,celeba,000338.jpg,1,0,1,0,0,0,0,1,0,0,0,1,0,0,0,0,0,0,0,0,0,0,0,0,0,0,0,0,0,0
data\external\celeba\celeba\img_align_celeba\000339.jpg,celeba,000339.jpg,1,1,0,0,0,0,1,0,0,0,0,0,0,0,0,0,0,0,0,0,0,0,0,0,0,0,0,0,0,0
data\external\celeba\celeba\img_align_celeba\000340.jpg,celeba,000340.jpg,1,1,0,0,0,0,1,0,0,0,0,0,0,0,0,0,0,0,0,0,0,0,0,0,0,0,0,0,0,0
data\external\celeba\celeba\img_align_celeba\000341.jpg,celeba,000341.jpg,1,0,1,0,0,0,0,1,0,0,0,0,1,0,0,0,0,0,0,0,0,0,0,0,0,0,0,0,0,0
data\external\celeba\celeba\img_align_celeba\000342.jpg,celeba,000342.jpg,1,0,1,0,0,0,1,0,0,0,1,0,0,0,0,0,0,0,0,0,0,0,0,0,0,0,0,0,0,0
data\external\celeba\celeba\img_align_celeba\000343.jpg,celeba,000343.jpg,1,0,1,0,0,0,0,1,0,0,1,0,1,0,0,0,0,0,0,0,0,0,0,0,0,0,0,0,0,0
data\external\celeba\celeba\img_align_celeba\000344.jpg,celeba,000344.jpg,1,0,1,0,0,0,0,0,0,0,0,1,0,0,0,0,0,0,0,0,0,0,0,0,0,0,0,0,0,0
data\external\celeba\celeba\img_align_celeba\000345.jpg,celeba,000345.jpg,1,0,1,0,0,0,0,0,0,0,0,0,0,0,0,0,0,0,0,0,0,0,0,0,0,0,0,0,0,0
data\external\celeba\celeba\img_align_celeba\000346.jpg,celeba,000346.jpg,1,1,0,0,0,0,1,0,0,0,1,0,0,0,0,0,0,0,0,0,0,0,0,0,0,0,0,0,0,0
data\external\celeba\celeba\img_align_celeba\000347.jpg,celeba,000347.jpg,1,0,1,0,0,0,0,1,0,0,1,0,1,0,0,0,0,0,0,0,0,0,0,0,0,0,0,0,0,0
data\external\celeba\celeba\img_align_celeba\000348.jpg,celeba,000348.jpg,1,0,1,0,0,0,0,1,0,0,0,1,0,0,0,0,0,0,0,0,0,0,0,0,0,0,0,1,0,0
data\external\celeba\celeba\img_align_celeba\000349.jpg,celeba,000349.jpg,1,0,1,0,0,0,1,0,0,0,0,1,0,1,0,0,0,0,0,0,0,0,0,0,0,0,0,0,0,0
data\external\celeba\celeba\img_align_celeba\000350.jpg,celeba,000350.jpg,1,1,0,0,0,0,1,0,0,0,0,0,0,0,0,0,0,0,0,0,0,0,0,0,0,0,1,0,0,0
data\external\celeba\celeba\img_align_celeba\000351.jpg,celeba,000351.jpg,1,0,1,0,0,0,0,1,0,0,0,0,0,0,0,0,0,0,0,0,0,0,0,0,0,0,0,0,0,0
data\external\celeba\celeba\img_align_celeba\000352.jpg,celeba,000352.jpg,1,1,0,0,0,0,0,0,1,0,0,0,1,0,0,0,0,0,0,0,0,0,0,0,0,0,0,0,0,0
data\external\celeba\celeba\img_align_celeba\000353.jpg,celeba,000353.jpg,1,0,1,0,0,0,0,0,1,0,0,1,0,0,0,0,0,0,0,0,0,0,0,0,0,0,0,0,0,0
data\external\celeba\celeba\img_align_celeba\000354.jpg,celeba,000354.jpg,1,0,1,0,0,0,1,0,0,0,0,1,0,0,0,0,0,0,0,0,0,0,0,0,0,0,0,0,0,0
data\external\celeba\celeba\img_align_celeba\000355.jpg,celeba,000355.jpg,1,1,0,0,0,0,1,0,0,0,0,0,0,1,0,0,0,0,0,0,0,0,0,0,0,0,0,0,0,0
data\external\celeba\celeba\img_align_celeba\000356.jpg,celeba,000356.jpg,1,0,1,0,0,0,1,0,0,0,0,0,0,0,0,0,0,0,0,0,0,0,0,0,0,0,0,0,0,0
data\external\celeba\celeba\img_align_celeba\000357.jpg,celeba,000357.jpg,1,0,1,0,0,0,0,1,0,0,0,1,0,0,0,0,0,0,0,0,0,0,0,0,0,0,0,0,0,0
data\external\celeba\celeba\img_align_celeba\000358.jpg,celeba,000358.jpg,1,1,0,0,0,0,0,0,0,0,0,0,0,0,0,0,0,0,0,0,0,0,0,0,0,0,0,0,0,0
data\external\celeba\celeba\img_align_celeba\000359.jpg,celeba,000359.jpg,1,0,1,0,0,0,0,0,1,0,1,0,0,0,0,0,0,0,0,0,0,0,0,0,0,0,0,0,0,0
data\external\celeba\celeba\img_align_celeba\000360.jpg,celeba,000360.jpg,1,1,0,0,0,0,0,0,0,0,0,0,0,1,0,0,0,0,0,0,0,0,0,0,0,0,0,0,0,0
data\external\celeba\celeba\img_align_celeba\000361.jpg,celeba,000361.jpg,1,0,1,0,0,0,0,0,0,0,0,0,1,0,0,0,0,0,0,0,0,0,0,0,0,0,0,0,0,0
data\external\celeba\celeba\img_align_celeba\000362.jpg,celeba,000362.jpg,1,1,0,0,0,0,1,0,0,0,0,0,1,0,0,0,0,0,0,0,0,0,0,0,0,0,0,0,0,0
data\external\celeba\celeba\img_align_celeba\000363.jpg,celeba,000363.jpg,1,1,0,0,0,0,1,0,0,0,0,0,0,0,0,0,0,0,0,0,0,0,0,0,0,0,0,0,0,0
data\external\celeba\celeba\img_align_celeba\000364.jpg,celeba,000364.jpg,1,0,1,0,0,0,0,0,0,0,0,0,0,0,0,0,0,0,0,0,0,0,0,0,0,0,0,0,0,0
data\external\celeba\celeba\img_align_celeba\000365.jpg,celeba,000365.jpg,1,0,1,0,0,0,0,1,0,0,1,0,1,0,0,0,0,0,0,0,0,0,0,0,0,0,0,0,0,0
data\external\celeba\celeba\img_align_celeba\000366.jpg,celeba,000366.jpg,1,1,0,0,0,0,0,0,0,0,0,0,0,0,0,0,0,0,0,0,0,0,0,0,0,0,0,1,0,0
data\external\celeba\celeba\img_align_celeba\000367.jpg,celeba,000367.jpg,1,1,0,0,0,0,1,0,0,0,0,0,0,0,0,0,0,0,0,0,0,0,0,0,0,0,0,0,0,0
data\external\celeba\celeba\img_align_celeba\000368.jpg,celeba,000368.jpg,1,1,0,0,0,0,0,0,0,0,0,0,0,0,0,0,0,0,0,0,0,0,0,0,0,0,0,0,0,0
data\external\celeba\celeba\img_align_celeba\000369.jpg,celeba,000369.jpg,1,0,1,0,0,0,1,0,0,0,0,1,0,0,0,0,0,0,0,0,0,0,0,0,0,0,0,0,0,0
data\external\celeba\celeba\img_align_celeba\000370.jpg,celeba,000370.jpg,1,1,0,0,0,0,1,0,0,0,1,0,0,0,0,0,0,0,0,0,0,0,0,0,0,0,0,0,0,0
data\external\celeba\celeba\img_align_celeba\000371.jpg,celeba,000371.jpg,1,0,1,0,0,0,0,1,0,0,0,0,0,0,0,0,0,0,0,0,0,0,0,0,0,0,0,0,0,0
data\external\celeba\celeba\img_align_celeba\000372.jpg,celeba,000372.jpg,1,0,1,0,0,0,0,0,0,0,0,1,0,0,0,0,0,0,0,0,0,0,0,0,0,0,0,0,0,0
data\external\celeba\celeba\img_align_celeba\000373.jpg,celeba,000373.jpg,1,0,1,0,0,0,0,0,1,0,1,0,0,0,0,0,0,0,0,0,0,0,0,0,0,0,1,0,0,0
data\external\celeba\celeba\img_align_celeba\000374.jpg,celeba,000374.jpg,1,0,1,0,0,0,1,0,0,0,0,1,1,0,0,0,0,0,0,0,0,0,0,0,0,0,0,0,0,0
data\external\celeba\celeba\img_align_celeba\000375.jpg,celeba,000375.jpg,1,0,1,0,0,0,0,0,0,0,0,1,1,0,0,0,0,0,0,0,0,0,0,0,0,0,1,0,0,0
data\external\celeba\celeba\img_align_celeba\000376.jpg,celeba,000376.jpg,1,1,0,0,0,0,0,0,0,0,0,0,0,0,0,0,0,0,0,0,0,0,0,0,0,0,0,0,0,0
data\external\celeba\celeba\img_align_celeba\000377.jpg,celeba,000377.jpg,1,1,0,0,0,0,0,0,0,0,0,1,0,0,0,0,0,0,0,0,0,0,0,0,0,0,0,0,0,0
data\external\celeba\celeba\img_align_celeba\000378.jpg,celeba,000378.jpg,1,1,0,0,0,0,0,0,0,0,1,0,0,0,0,0,0,0,0,0,0,0,0,0,0,0,0,0,0,0
data\external\celeba\celeba\img_align_celeba\000379.jpg,celeba,000379.jpg,1,0,1,0,0,0,0,0,0,0,1,0,1,0,0,0,0,0,0,0,0,0,0,0,0,0,0,0,0,0
data\external\celeba\celeba\img_align_celeba\000380.jpg,celeba,000380.jpg,1,1,0,0,0,0,0,0,1,0,1,0,0,0,0,0,0,0,0,0,0,0,0,0,0,0,0,0,0,0
data\external\celeba\celeba\img_align_celeba\000381.jpg,celeba,000381.jpg,1,0,1,0,0,0,0,0,0,0,0,0,0,0,0,0,0,0,0,0,0,0,0,0,0,0,0,0,0,0
data\external\celeba\celeba\img_align_celeba\000382.jpg,celeba,000382.jpg,1,0,1,0,0,0,0,1,0,0,0,1,0,0,0,0,0,0,0,0,0,0,0,0,0,0,0,0,0,0
data\external\celeba\celeba\img_align_celeba\000383.jpg,celeba,000383.jpg,1,1,0,0,0,0,0,0,0,1,1,0,0,1,0,0,0,0,0,0,0,0,0,0,0,0,1,0,0,0
data\external\celeba\celeba\img_align_celeba\000384.jpg,celeba,000384.jpg,1,0,1,0,0,0,0,0,1,0,0,0,0,0,0,0,0,0,0,0,0,0,0,0,0,0,0,0,0,0
data\external\celeba\celeba\img_align_celeba\000385.jpg,celeba,000385.jpg,1,1,0,0,0,0,0,0,0,0,0,0,0,0,0,0,0,0,0,0,0,0,0,0,0,0,0,0,0,0
data\external\celeba\celeba\img_align_celeba\000386.jpg,celeba,000386.jpg,1,1,0,0,0,1,0,0,0,0,0,0,0,0,0,0,0,0,0,0,0,0,0,0,0,0,0,0,0,0
data\external\celeba\celeba\img_align_celeba\000387.jpg,celeba,000387.jpg,1,0,1,0,0,0,0,0,1,0,0,1,0,0,0,0,0,0,0,0,0,0,0,0,0,0,0,0,0,0
data\external\celeba\celeba\img_align_celeba\000388.jpg,celeba,000388.jpg,1,0,1,0,0,0,0,0,1,0,0,1,0,0,0,0,0,0,0,0,0,0,0,0,0,0,0,0,0,0
data\external\celeba\celeba\img_align_celeba\000389.jpg,celeba,000389.jpg,1,1,0,0,0,0,0,0,1,0,1,0,0,0,0,0,0,0,0,0,0,0,0,0,0,0,0,0,0,0
data\external\celeba\celeba\img_align_celeba\000390.jpg,celeba,000390.jpg,1,1,0,0,0,0,0,0,0,0,0,0,0,0,0,0,0,0,0,0,0,0,0,0,0,0,0,0,0,0
data\external\celeba\celeba\img_align_celeba\000391.jpg,celeba,000391.jpg,1,0,1,0,0,0,0,0,1,0,0,1,0,0,0,0,0,0,0,0,0,0,0,0,0,0,0,0,0,0
data\external\celeba\celeba\img_align_celeba\000392.jpg,celeba,000392.jpg,1,0,1,0,0,0,1,0,0,0,0,0,0,0,0,0,0,0,0,0,0,0,0,0,0,0,1,0,0,0
data\external\celeba\celeba\img_align_celeba\000393.jpg,celeba,000393.jpg,1,1,0,0,0,0,0,0,0,0,0,0,0,0,0,0,0,0,0,0,0,0,0,0,0,0,0,0,0,0
data\external\celeba\celeba\img_align_celeba\000394.jpg,celeba,000394.jpg,1,0,1,0,0,0,1,0,0,0,0,0,1,0,0,0,0,0,0,0,0,0,0,0,0,0,0,0,0,0
data\external\celeba\celeba\img_align_celeba\000395.jpg,celeba,000395.jpg,1,0,1,0,0,0,0,0,0,0,0,0,0,0,0,0,0,0,0,0,0,0,0,0,0,0,0,0,0,0
data\external\celeba\celeba\img_align_celeba\000396.jpg,celeba,000396.jpg,1,0,1,0,0,0,0,0,1,0,0,1,0,0,0,0,0,0,0,0,0,0,0,0,0,0,0,0,0,0
data\external\celeba\celeba\img_align_celeba\000397.jpg,celeba,000397.jpg,1,0,1,0,0,0,0,0,0,0,0,1,0,0,0,0,0,0,0,0,0,0,0,0,0,0,0,0,0,0
data\external\celeba\celeba\img_align_celeba\000398.jpg,celeba,000398.jpg,1,1,0,0,0,0,0,0,1,0,0,1,0,0,0,0,0,0,0,0,0,0,0,0,0,0,0,0,0,0
data\external\celeba\celeba\img_align_celeba\000399.jpg,celeba,000399.jpg,1,0,1,0,0,0,0,1,0,0,0,1,1,0,0,0,0,0,0,0,0,0,0,0,0,0,0,0,0,0
data\external\celeba\celeba\img_align_celeba\000400.jpg,celeba,000400.jpg,1,1,0,0,0,0,0,0,0,0,0,0,0,0,0,0,0,0,0,0,0,0,0,0,0,0,0,1,0,0
data\external\celeba\celeba\img_align_celeba\000401.jpg,celeba,000401.jpg,1,1,0,0,0,0,1,0,0,0,0,0,0,0,0,0,0,0,0,0,0,0,0,0,0,0,0,0,0,0
data\external\celeba\celeba\img_align_celeba\000402.jpg,celeba,000402.jpg,1,1,0,0,0,1,0,0,0,0,0,0,0,0,0,0,0,0,0,0,0,0,0,0,0,0,0,0,0,0
data\external\celeba\celeba\img_align_celeba\000403.jpg,celeba,000403.jpg,1,1,0,0,0,0,0,0,0,0,0,0,0,0,0,0,0,0,0,0,0,0,0,0,0,0,0,1,0,0
data\external\celeba\celeba\img_align_celeba\000404.jpg,celeba,000404.jpg,1,0,1,0,0,0,0,0,1,0,0,1,0,0,0,0,0,0,0,0,0,0,0,0,0,0,0,0,0,0
data\external\celeba\celeba\img_align_celeba\000405.jpg,celeba,000405.jpg,1,1,0,0,0,0,0,0,0,0,0,0,0,0,0,0,0,0,0,0,0,0,0,0,0,0,0,0,0,0
data\external\celeba\celeba\img_align_celeba\000406.jpg,celeba,000406.jpg,1,1,0,0,0,0,1,0,0,0,0,0,0,0,0,0,0,0,0,0,0,0,0,0,0,0,0,0,0,0
data\external\celeba\celeba\img_align_celeba\000407.jpg,celeba,000407.jpg,1,0,1,0,0,0,0,0,1,0,0,1,0,0,0,0,0,0,0,0,0,0,0,0,0,0,0,0,0,0
data\external\celeba\celeba\img_align_celeba\000408.jpg,celeba,000408.jpg,1,1,0,0,0,0,0,0,0,0,0,0,0,0,0,0,0,0,0,0,0,0,0,0,0,0,0,1,0,0
data\external\celeba\celeba\img_align_celeba\000409.jpg,celeba,000409.jpg,1,1,0,0,0,0,1,0,0,0,0,0,0,0,0,0,0,0,0,0,0,0,0,0,0,0,0,0,0,0
data\external\celeba\celeba\img_align_celeba\000410.jpg,celeba,000410.jpg,1,0,1,0,0,0,0,0,0,0,0,0,1,0,0,0,0,0,0,0,0,0,0,0,0,0,0,0,0,0
data\external\celeba\celeba\img_align_celeba\000411.jpg,celeba,000411.jpg,1,0,1,0,0,0,0,0,0,0,0,1,0,0,0,0,0,0,0,0,0,0,0,0,0,0,0,0,0,0
data\external\celeba\celeba\img_align_celeba\000412.jpg,celeba,000412.jpg,1,0,1,0,0,0,0,0,1,0,1,0,1,0,0,0,0,0,0,0,0,0,0,0,0,0,0,0,0,0
data\external\celeba\celeba\img_align_celeba\000413.jpg,celeba,000413.jpg,1,1,0,0,0,0,0,0,0,0,1,0,0,0,0,0,0,0,0,0,0,0,0,0,0,0,0,0,0,0
data\external\celeba\celeba\img_align_celeba\000414.jpg,celeba,000414.jpg,1,1,0,0,0,0,0,0,0,0,0,0,0,0,0,0,0,0,0,0,0,0,0,0,0,0,0,0,0,0
data\external\celeba\celeba\img_align_celeba\000415.jpg,celeba,000415.jpg,1,0,1,0,0,0,0,0,1,0,1,0,0,0,0,0,0,0,0,0,0,0,0,0,0,0,0,0,0,0
data\external\celeba\celeba\img_align_celeba\000416.jpg,celeba,000416.jpg,1,1,0,0,0,0,0,0,0,0,0,0,0,0,0,0,0,0,0,0,0,0,0,0,0,0,0,1,0,0
data\external\celeba\celeba\img_align_celeba\000417.jpg,celeba,000417.jpg,1,1,0,0,0,0,0,0,0,0,0,0,0,0,0,0,0,0,0,0,0,0,0,0,0,0,0,0,0,0
data\external\celeba\celeba\img_align_celeba\000418.jpg,celeba,000418.jpg,1,1,0,0,0,0,1,0,0,0,0,0,0,0,0,0,0,0,0,0,0,0,0,0,0,0,0,0,0,0
data\external\celeba\celeba\img_align_celeba\000419.jpg,celeba,000419.jpg,1,0,1,0,0,0,0,0,0,0,0,0,1,0,0,0,0,0,0,0,0,0,0,0,0,0,0,0,0,0
data\external\celeba\celeba\img_align_celeba\000420.jpg,celeba,000420.jpg,1,0,1,0,0,0,0,1,0,0,0,1,1,0,0,0,0,0,0,0,0,0,0,0,0,0,0,0,0,0
data\external\celeba\celeba\img_align_celeba\000421.jpg,celeba,000421.jpg,1,0,1,0,0,0,0,1,0,0,0,1,0,0,0,0,0,0,0,0,0,0,0,0,0,0,0,0,0,0
data\external\celeba\celeba\img_align_celeba\000422.jpg,celeba,000422.jpg,1,0,1,0,0,0,1,0,0,0,0,0,1,0,0,0,0,0,0,0,0,0,0,0,0,0,0,0,0,0
data\external\celeba\celeba\img_align_celeba\000423.jpg,celeba,000423.jpg,1,0,1,0,0,0,0,0,0,0,0,0,0,0,0,0,0,0,0,0,0,0,0,0,0,0,0,0,0,0
data\external\celeba\celeba\img_align_celeba\000424.jpg,celeba,000424.jpg,1,0,1,0,0,0,0,0,0,0,0,0,1,0,0,0,0,0,0,0,0,0,0,0,0,0,0,0,0,0
data\external\celeba\celeba\img_align_celeba\000425.jpg,celeba,000425.jpg,1,1,0,0,0,1,0,0,0,0,0,0,0,0,0,0,0,0,0,0,0,0,0,0,0,0,0,0,0,0
data\external\celeba\celeba\img_align_celeba\000426.jpg,celeba,000426.jpg,1,0,1,0,0,0,0,0,0,0,0,1,0,0,0,0,0,0,0,0,0,0,0,0,0,0,0,0,0,0
data\external\celeba\celeba\img_align_celeba\000427.jpg,celeba,000427.jpg,1,1,0,0,0,0,1,0,0,0,0,0,0,0,0,0,0,0,0,0,0,0,0,0,0,0,0,0,0,0
data\external\celeba\celeba\img_align_celeba\000428.jpg,celeba,000428.jpg,1,1,0,0,0,0,0,0,1,0,0,0,0,0,0,0,0,0,0,0,0,0,0,0,0,0,0,0,0,0
data\external\celeba\celeba\img_align_celeba\000429.jpg,celeba,000429.jpg,1,1,0,0,0,0,0,0,1,0,0,0,1,0,0,0,0,0,0,0,0,0,0,0,0,0,0,0,0,0
data\external\celeba\celeba\img_align_celeba\000430.jpg,celeba,000430.jpg,1,1,0,0,0,0,1,0,0,0,0,0,0,0,0,0,0,0,0,0,0,0,0,0,0,0,0,0,0,0
data\external\celeba\celeba\img_align_celeba\000431.jpg,celeba,000431.jpg,1,0,1,0,0,0,0,1,0,0,0,0,0,0,0,0,0,0,0,0,0,0,0,0,0,0,0,0,0,0
data\external\celeba\celeba\img_align_celeba\000432.jpg,celeba,000432.jpg,1,0,1,0,0,0,0,1,0,0,0,1,0,0,0,0,0,0,0,0,0,0,0,0,0,0,0,0,0,0
data\external\celeba\celeba\img_align_celeba\000433.jpg,celeba,000433.jpg,1,1,0,0,0,0,1,0,0,0,1,0,0,0,0,0,0,0,0,0,0,0,0,0,0,0,0,0,0,0
data\external\celeba\celeba\img_align_celeba\000434.jpg,celeba,000434.jpg,1,1,0,0,0,0,0,0,0,0,0,0,0,0,0,0,0,0,0,0,0,0,0,0,0,0,0,0,0,0
data\external\celeba\celeba\img_align_celeba\000435.jpg,celeba,000435.jpg,1,0,1,0,0,0,1,0,0,0,0,0,0,0,0,0,0,0,0,0,0,0,0,0,0,0,0,0,0,0
data\external\celeba\celeba\img_align_celeba\000436.jpg,celeba,000436.jpg,1,0,1,0,0,0,0,0,1,0,0,1,1,0,0,0,0,0,0,0,0,0,0,0,0,0,0,0,0,0
data\external\celeba\celeba\img_align_celeba\000437.jpg,celeba,000437.jpg,1,1,0,0,0,0,0,0,0,0,0,0,0,0,0,0,0,0,0,0,0,0,0,0,0,0,0,0,0,0
data\external\celeba\celeba\img_align_celeba\000438.jpg,celeba,000438.jpg,1,1,0,0,0,0,0,0,0,0,0,0,0,0,0,0,0,0,0,0,0,0,0,0,0,0,0,0,0,0
data\external\celeba\celeba\img_align_celeba\000439.jpg,celeba,000439.jpg,1,1,0,0,0,0,1,0,0,0,0,0,0,1,0,0,0,0,0,0,0,0,0,0,0,0,0,0,0,0
data\external\celeba\celeba\img_align_celeba\000440.jpg,celeba,000440.jpg,1,1,0,0,0,0,0,0,0,1,0,1,0,0,0,0,0,0,0,0,0,0,0,0,0,0,0,0,0,0
data\external\celeba\celeba\img_align_celeba\000441.jpg,celeba,000441.jpg,1,0,1,0,0,0,0,0,0,0,0,1,0,0,0,0,0,0,0,0,0,0,0,0,0,0,0,0,0,0
data\external\celeba\celeba\img_align_celeba\000442.jpg,celeba,000442.jpg,1,0,1,0,0,0,0,1,0,0,0,0,0,0,0,0,0,0,0,0,0,0,0,0,0,0,0,0,0,0
data\external\celeba\celeba\img_align_celeba\000443.jpg,celeba,000443.jpg,1,1,0,0,0,0,0,0,1,0,1,0,0,0,0,0,0,0,0,0,0,0,0,0,0,0,0,0,0,0
data\external\celeba\celeba\img_align_celeba\000444.jpg,celeba,000444.jpg,1,1,0,0,0,0,0,0,0,1,0,1,0,1,0,0,0,0,0,0,0,0,0,0,0,0,1,0,0,0
data\external\celeba\celeba\img_align_celeba\000445.jpg,celeba,000445.jpg,1,0,1,0,0,0,0,0,1,0,0,1,0,0,0,0,0,0,0,0,0,0,0,0,0,0,0,0,0,0
data\external\celeba\celeba\img_align_celeba\000446.jpg,celeba,000446.jpg,1,0,1,0,0,0,0,0,0,0,1,0,0,0,0,0,0,0,0,0,0,0,0,0,0,0,0,0,0,0
data\external\celeba\celeba\img_align_celeba\000447.jpg,celeba,000447.jpg,1,1,0,0,0,0,0,0,0,0,0,0,0,0,0,0,0,0,0,0,0,0,0,0,0,0,1,0,0,0
data\external\celeba\celeba\img_align_celeba\000448.jpg,celeba,000448.jpg,1,1,0,0,0,0,0,0,0,0,0,0,0,1,0,0,0,0,0,0,0,0,0,0,0,0,0,0,0,0
data\external\celeba\celeba\img_align_celeba\000449.jpg,celeba,000449.jpg,1,1,0,0,0,0,0,0,0,1,0,0,0,0,0,0,0,0,0,0,0,0,0,0,0,0,0,0,0,0
data\external\celeba\celeba\img_align_celeba\000450.jpg,celeba,000450.jpg,1,1,0,0,0,0,0,0,0,0,0,0,0,1,0,0,0,0,0,0,0,0,0,0,0,0,0,0,0,0
data\external\celeba\celeba\img_align_celeba\000451.jpg,celeba,000451.jpg,1,0,1,0,0,0,0,0,1,0,0,0,0,0,0,0,0,0,0,0,0,0,0,0,0,0,1,0,0,0
data\external\celeba\celeba\img_align_celeba\000452.jpg,celeba,000452.jpg,1,1,0,0,0,0,1,0,0,0,1,0,0,0,0,0,0,0,0,0,0,0,0,0,0,0,0,0,0,0
data\external\celeba\celeba\img_align_celeba\000453.jpg,celeba,000453.jpg,1,1,0,0,0,0,0,0,1,0,0,0,1,0,0,0,0,0,0,0,0,0,0,0,0,0,0,1,0,0
data\external\celeba\celeba\img_align_celeba\000454.jpg,celeba,000454.jpg,1,0,1,0,0,0,0,1,0,0,0,0,0,0,0,0,0,0,0,0,0,0,0,0,0,0,0,0,0,0
data\external\celeba\celeba\img_align_celeba\000455.jpg,celeba,000455.jpg,1,0,1,0,0,0,1,0,0,0,0,1,0,0,0,0,0,0,0,0,0,0,0,0,0,0,0,0,0,0
data\external\celeba\celeba\img_align_celeba\000456.jpg,celeba,000456.jpg,1,1,0,0,0,0,1,0,0,0,0,0,1,0,0,0,0,0,0,0,0,0,0,0,0,0,0,0,0,0
data\external\celeba\celeba\img_align_celeba\000457.jpg,celeba,000457.jpg,1,0,1,0,0,0,0,0,0,0,0,1,1,0,0,0,0,0,0,0,0,0,0,0,0,0,0,0,0,0
data\external\celeba\celeba\img_align_celeba\000458.jpg,celeba,000458.jpg,1,0,1,0,0,0,0,0,0,0,0,0,1,0,0,0,0,0,0,0,0,0,0,0,0,0,0,0,0,0
data\external\celeba\celeba\img_align_celeba\000459.jpg,celeba,000459.jpg,1,1,0,0,0,0,0,0,1,0,0,0,1,0,0,0,0,0,0,0,0,0,0,0,0,0,0,0,0,0
data\external\celeba\celeba\img_align_celeba\000460.jpg,celeba,000460.jpg,1,1,0,0,0,0,0,0,0,0,0,1,0,0,0,0,0,0,0,0,0,0,0,0,0,0,0,0,0,0
data\external\celeba\celeba\img_align_celeba\000461.jpg,celeba,000461.jpg,1,1,0,0,0,0,1,0,0,0,0,0,0,0,0,0,0,0,0,0,0,0,0,0,0,0,0,0,0,0
data\external\celeba\celeba\img_align_celeba\000462.jpg,celeba,000462.jpg,1,0,1,0,0,0,0,0,0,0,0,1,0,0,0,0,0,0,0,0,0,0,0,0,0,0,0,0,0,0
data\external\celeba\celeba\img_align_celeba\000463.jpg,celeba,000463.jpg,1,0,1,0,0,0,0,0,0,0,0,1,0,0,0,0,0,0,0,0,0,0,0,0,0,0,0,0,0,0
data\external\celeba\celeba\img_align_celeba\000464.jpg,celeba,000464.jpg,1,0,1,0,0,0,0,0,0,0,0,0,0,0,0,0,0,0,0,0,0,0,0,0,0,0,0,0,0,0
data\external\celeba\celeba\img_align_celeba\000465.jpg,celeba,000465.jpg,1,1,0,0,0,0,0,0,0,0,0,0,0,0,0,0,0,0,0,0,0,0,0,0,0,0,0,1,0,0
data\external\celeba\celeba\img_align_celeba\000466.jpg,celeba,000466.jpg,1,0,1,0,0,0,0,0,1,0,1,0,1,0,0,0,0,0,0,0,0,0,0,0,0,0,0,0,0,0
data\external\celeba\celeba\img_align_celeba\000467.jpg,celeba,000467.jpg,1,0,1,0,0,0,0,0,0,0,0,1,0,0,0,0,0,0,0,0,0,0,0,0,0,0,0,0,0,0
data\external\celeba\celeba\img_align_celeba\000468.jpg,celeba,000468.jpg,1,0,1,0,0,0,0,1,0,0,0,1,0,0,0,0,0,0,0,0,0,0,0,0,0,0,0,0,0,0
data\external\celeba\celeba\img_align_celeba\000469.jpg,celeba,000469.jpg,1,0,1,0,0,0,0,0,1,0,0,1,0,0,0,0,0,0,0,0,0,0,0,0,0,0,0,0,0,0
data\external\celeba\celeba\img_align_celeba\000470.jpg,celeba,000470.jpg,1,0,1,0,0,0,0,0,1,0,0,0,0,0,0,0,0,0,0,0,0,0,0,0,0,0,0,0,0,0
data\external\celeba\celeba\img_align_celeba\000471.jpg,celeba,000471.jpg,1,0,1,0,0,0,0,1,0,0,1,0,0,0,0,0,0,0,0,0,0,0,0,0,0,0,0,0,0,0
data\external\celeba\celeba\img_align_celeba\000472.jpg,celeba,000472.jpg,1,0,1,0,0,0,0,0,1,0,0,1,0,0,0,0,0,0,0,0,0,0,0,0,0,0,0,0,0,0
data\external\celeba\celeba\img_align_celeba\000473.jpg,celeba,000473.jpg,1,1,0,0,0,0,0,0,1,0,0,1,0,0,0,0,0,0,0,0,0,0,0,0,0,0,0,0,0,0
data\external\celeba\celeba\img_align_celeba\000474.jpg,celeba,000474.jpg,1,1,0,0,0,0,0,0,1,0,0,0,0,0,0,0,0,0,0,0,0,0,0,0,0,0,0,0,0,0
data\external\celeba\celeba\img_align_celeba\000475.jpg,celeba,000475.jpg,1,0,1,0,0,0,0,1,0,0,0,0,0,0,0,0,0,0,0,0,0,0,0,0,0,0,0,0,0,0
data\external\celeba\celeba\img_align_celeba\000476.jpg,celeba,000476.jpg,1,0,1,0,0,0,0,1,0,0,0,1,0,0,0,0,0,0,0,0,0,0,0,0,0,0,0,0,0,0
data\external\celeba\celeba\img_align_celeba\000477.jpg,celeba,000477.jpg,1,1,0,0,0,0,1,0,0,0,0,0,0,0,0,0,0,0,0,0,0,0,0,0,0,0,0,0,0,0
data\external\celeba\celeba\img_align_celeba\000478.jpg,celeba,000478.jpg,1,0,1,0,0,0,0,1,0,0,0,1,0,0,0,0,0,0,0,0,0,0,0,0,0,0,0,0,0,0
data\external\celeba\celeba\img_align_celeba\000479.jpg,celeba,000479.jpg,1,1,0,0,0,0,0,0,0,0,0,0,1,0,0,0,0,0,0,0,0,0,0,0,0,0,0,0,0,0
data\external\celeba\celeba\img_align_celeba\000480.jpg,celeba,000480.jpg,1,0,1,0,0,0,0,0,1,0,1,0,0,0,0,0,0,0,0,0,0,0,0,0,0,0,0,0,0,0
data\external\celeba\celeba\img_align_celeba\000481.jpg,celeba,000481.jpg,1,1,0,0,0,0,0,0,1,0,0,0,0,0,0,0,0,0,0,0,0,0,0,0,0,0,0,0,0,0
data\external\celeba\celeba\img_align_celeba\000482.jpg,celeba,000482.jpg,1,1,0,0,0,0,0,0,0,0,0,0,0,0,0,0,0,0,0,0,0,0,0,0,0,0,1,0,0,0
data\external\celeba\celeba\img_align_celeba\000483.jpg,celeba,000483.jpg,1,0,1,0,0,0,0,1,0,0,1,0,0,0,0,0,0,0,0,0,0,0,0,0,0,0,0,0,0,0
data\external\celeba\celeba\img_align_celeba\000484.jpg,celeba,000484.jpg,1,0,1,0,0,0,1,0,0,0,0,0,1,0,0,0,0,0,0,0,0,0,0,0,0,0,1,0,0,0
data\external\celeba\celeba\img_align_celeba\000485.jpg,celeba,000485.jpg,1,0,1,0,0,0,0,1,0,0,0,1,0,0,0,0,0,0,0,0,0,0,0,0,0,0,0,0,0,0
data\external\celeba\celeba\img_align_celeba\000486.jpg,celeba,000486.jpg,1,1,0,0,0,0,1,0,0,0,1,0,0,0,0,0,0,0,0,0,0,0,0,0,0,0,0,0,0,0
data\external\celeba\celeba\img_align_celeba\000487.jpg,celeba,000487.jpg,1,0,1,0,0,0,0,0,1,0,0,1,1,0,0,0,0,0,0,0,0,0,0,0,0,0,0,0,0,0
data\external\celeba\celeba\img_align_celeba\000488.jpg,celeba,000488.jpg,1,0,1,0,0,0,0,0,0,0,0,0,0,0,0,0,0,0,0,0,0,0,0,0,0,0,0,0,0,0
data\external\celeba\celeba\img_align_celeba\000489.jpg,celeba,000489.jpg,1,0,1,0,0,0,1,0,0,0,0,0,0,0,0,0,0,0,0,0,0,0,0,0,0,0,0,0,0,0
data\external\celeba\celeba\img_align_celeba\000490.jpg,celeba,000490.jpg,1,1,0,0,0,0,1,0,0,0,0,1,0,0,0,0,0,0,0,0,0,0,0,0,0,0,0,0,0,0
data\external\celeba\celeba\img_align_celeba\000491.jpg,celeba,000491.jpg,1,0,1,0,0,0,0,0,0,0,0,1,1,0,0,0,0,0,0,0,0,0,0,0,0,0,0,0,0,0
data\external\celeba\celeba\img_align_celeba\000492.jpg,celeba,000492.jpg,1,0,1,0,0,0,0,1,0,0,0,1,0,0,0,0,0,0,0,0,0,0,0,0,0,0,0,0,0,0
data\external\celeba\celeba\img_align_celeba\000493.jpg,celeba,000493.jpg,1,0,1,0,0,0,0,0,0,0,1,0,0,0,0,0,0,0,0,0,0,0,0,0,0,0,0,0,0,0
data\external\celeba\celeba\img_align_celeba\000494.jpg,celeba,000494.jpg,1,0,1,0,0,0,0,0,0,0,1,0,0,1,0,0,0,0,0,0,0,0,0,0,0,0,0,0,0,0
data\external\celeba\celeba\img_align_celeba\000495.jpg,celeba,000495.jpg,1,0,1,0,0,0,0,0,1,0,0,0,0,0,0,0,0,0,0,0,0,0,0,0,0,0,0,0,0,0
data\external\celeba\celeba\img_align_celeba\000496.jpg,celeba,000496.jpg,1,0,1,0,0,0,0,0,0,0,0,0,0,0,0,0,0,0,0,0,0,0,0,0,0,0,0,1,0,0
data\external\celeba\celeba\img_align_celeba\000497.jpg,celeba,000497.jpg,1,0,1,0,0,0,0,1,0,0,0,1,0,0,0,0,0,0,0,0,0,0,0,0,0,0,0,0,0,0
data\external\celeba\celeba\img_align_celeba\000498.jpg,celeba,000498.jpg,1,1,0,0,0,0,0,0,0,1,0,0,0,0,0,0,0,0,0,0,0,0,0,0,0,0,0,0,0,0
data\external\celeba\celeba\img_align_celeba\000499.jpg,celeba,000499.jpg,1,0,1,0,0,0,0,1,0,0,1,0,0,0,0,0,0,0,0,0,0,0,0,0,0,0,0,0,0,0
data\external\celeba\celeba\img_align_celeba\000500.jpg,celeba,000500.jpg,1,1,0,0,0,0,0,0,0,1,0,0,0,0,0,0,0,0,0,0,0,0,0,0,0,0,1,0,0,0
data\external\celeba\celeba\img_align_celeba\000501.jpg,celeba,000501.jpg,1,1,0,0,0,0,0,0,0,0,0,0,0,0,0,0,0,0,0,0,0,0,0,0,0,0,0,1,0,0
data\external\celeba\celeba\img_align_celeba\000502.jpg,celeba,000502.jpg,1,0,1,0,0,0,1,0,0,0,0,0,0,0,0,0,0,0,0,0,0,0,0,0,0,0,0,0,0,0
data\external\celeba\celeba\img_align_celeba\000503.jpg,celeba,000503.jpg,1,0,1,0,0,0,0,1,0,0,1,0,0,0,0,0,0,0,0,0,0,0,0,0,0,0,0,0,0,0
data\external\celeba\celeba\img_align_celeba\000504.jpg,celeba,000504.jpg,1,0,1,0,0,0,0,0,1,0,1,0,0,0,0,0,0,0,0,0,0,0,0,0,0,0,0,0,0,0
data\external\celeba\celeba\img_align_celeba\000505.jpg,celeba,000505.jpg,1,0,1,0,0,0,1,0,0,0,0,0,0,0,0,0,0,0,0,0,0,0,0,0,0,0,0,0,0,0
data\external\celeba\celeba\img_align_celeba\000506.jpg,celeba,000506.jpg,1,0,1,0,0,0,0,0,1,0,1,0,0,0,0,0,0,0,0,0,0,0,0,0,0,0,0,0,0,0
data\external\celeba\celeba\img_align_celeba\000507.jpg,celeba,000507.jpg,1,0,1,0,0,0,1,0,0,0,0,0,0,0,0,0,0,0,0,0,0,0,0,0,0,0,0,0,0,0
data\external\celeba\celeba\img_align_celeba\000508.jpg,celeba,000508.jpg,1,0,1,0,0,0,1,0,0,0,0,1,0,0,0,0,0,0,0,0,0,0,0,0,0,0,0,0,0,0
data\external\celeba\celeba\img_align_celeba\000509.jpg,celeba,000509.jpg,1,0,1,0,0,0,0,0,0,0,0,0,0,1,0,0,0,0,0,0,0,0,0,0,0,0,0,0,0,0
data\external\celeba\celeba\img_align_celeba\000510.jpg,celeba,000510.jpg,1,0,1,0,0,0,0,1,0,0,0,1,0,0,0,0,0,0,0,0,0,0,0,0,0,0,0,0,0,0
data\external\celeba\celeba\img_align_celeba\000511.jpg,celeba,000511.jpg,1,1,0,0,0,0,0,0,0,0,0,0,0,0,0,0,0,0,0,0,0,0,0,0,0,0,1,0,0,0
data\external\celeba\celeba\img_align_celeba\000512.jpg,celeba,000512.jpg,1,1,0,0,0,0,1,0,0,0,0,0,0,0,0,0,0,0,0,0,0,0,0,0,0,0,0,0,0,0
data\external\celeba\celeba\img_align_celeba\000513.jpg,celeba,000513.jpg,1,0,1,0,0,0,0,1,0,0,1,0,1,0,0,0,0,0,0,0,0,0,0,0,0,0,0,0,0,0
data\external\celeba\celeba\img_align_celeba\000514.jpg,celeba,000514.jpg,1,0,1,0,0,0,0,0,1,0,0,0,0,0,0,0,0,0,0,0,0,0,0,0,0,0,0,0,0,0
data\external\celeba\celeba\img_align_celeba\000515.jpg,celeba,000515.jpg,1,1,0,0,0,0,1,0,0,0,0,0,0,0,0,0,0,0,0,0,0,0,0,0,0,0,0,0,0,0
data\external\celeba\celeba\img_align_celeba\000516.jpg,celeba,000516.jpg,1,0,1,0,0,0,0,1,0,0,1,0,0,0,0,0,0,0,0,0,0,0,0,0,0,0,0,0,0,0
data\external\celeba\celeba\img_align_celeba\000517.jpg,celeba,000517.jpg,1,0,1,0,0,0,0,0,0,0,1,0,0,1,0,0,0,0,0,0,0,0,0,0,0,0,0,0,0,0
data\external\celeba\celeba\img_align_celeba\000518.jpg,celeba,000518.jpg,1,1,0,0,0,0,0,0,0,1,0,0,0,0,0,0,0,0,0,0,0,0,0,0,0,0,0,0,0,0
data\external\celeba\celeba\img_align_celeba\000519.jpg,celeba,000519.jpg,1,0,1,0,0,0,0,0,1,0,0,0,0,0,0,0,0,0,0,0,0,0,0,0,0,0,0,0,0,0
data\external\celeba\celeba\img_align_celeba\000520.jpg,celeba,000520.jpg,1,1,0,0,0,0,0,0,0,1,0,0,0,0,0,0,0,0,0,0,0,0,0,0,0,0,1,0,0,0
data\external\celeba\celeba\img_align_celeba\000521.jpg,celeba,000521.jpg,1,1,0,0,0,0,0,0,0,0,0,0,1,0,0,0,0,0,0,0,0,0,0,0,0,0,0,0,0,0
data\external\celeba\celeba\img_align_celeba\000522.jpg,celeba,000522.jpg,1,0,1,0,0,0,1,0,0,0,1,0,1,0,0,0,0,0,0,0,0,0,0,0,0,0,0,0,0,0
data\external\celeba\celeba\img_align_celeba\000523.jpg,celeba,000523.jpg,1,0,1,0,0,0,0,1,0,0,1,0,0,0,0,0,0,0,0,0,0,0,0,0,0,0,0,0,0,0
data\external\celeba\celeba\img_align_celeba\000524.jpg,celeba,000524.jpg,1,0,1,0,0,0,1,0,0,0,0,0,0,0,0,0,0,0,0,0,0,0,0,0,0,0,0,0,0,0
data\external\celeba\celeba\img_align_celeba\000525.jpg,celeba,000525.jpg,1,0,1,0,0,0,1,0,0,0,0,0,0,0,0,0,0,0,0,0,0,0,0,0,0,0,0,0,0,0
data\external\celeba\celeba\img_align_celeba\000526.jpg,celeba,000526.jpg,1,1,0,0,0,0,1,0,0,0,0,0,0,0,0,0,0,0,0,0,0,0,0,0,0,0,0,0,0,0
data\external\celeba\celeba\img_align_celeba\000527.jpg,celeba,000527.jpg,1,0,1,0,0,0,0,0,1,0,0,1,0,0,0,0,0,0,0,0,0,0,0,0,0,0,0,0,0,0
data\external\celeba\celeba\img_align_celeba\000528.jpg,celeba,000528.jpg,1,0,1,0,0,0,0,1,0,0,0,1,0,1,0,0,0,0,0,0,0,0,0,0,0,0,0,0,0,0
data\external\celeba\celeba\img_align_celeba\000529.jpg,celeba,000529.jpg,1,1,0,0,0,0,1,0,0,0,1,0,0,0,0,0,0,0,0,0,0,0,0,0,0,0,0,0,0,0
data\external\celeba\celeba\img_align_celeba\000530.jpg,celeba,000530.jpg,1,0,1,0,0,0,0,0,0,0,0,0,0,0,0,0,0,0,0,0,0,0,0,0,0,0,0,0,0,0
data\external\celeba\celeba\img_align_celeba\000531.jpg,celeba,000531.jpg,1,0,1,0,0,0,1,0,0,0,0,1,0,0,0,0,0,0,0,0,0,0,0,0,0,0,0,0,0,0
data\external\celeba\celeba\img_align_celeba\000532.jpg,celeba,000532.jpg,1,0,1,0,0,0,0,0,1,0,0,0,0,0,0,0,0,0,0,0,0,0,0,0,0,0,0,0,0,0
data\external\celeba\celeba\img_align_celeba\000533.jpg,celeba,000533.jpg,1,0,1,0,0,0,0,0,0,0,0,0,0,1,0,0,0,0,0,0,0,0,0,0,0,0,0,0,0,0
data\external\celeba\celeba\img_align_celeba\000534.jpg,celeba,000534.jpg,1,1,0,0,0,0,0,0,0,0,1,0,0,0,0,0,0,0,0,0,0,0,0,0,0,0,0,0,0,0
data\external\celeba\celeba\img_align_celeba\000535.jpg,celeba,000535.jpg,1,1,0,0,0,0,1,0,0,0,0,0,0,0,0,0,0,0,0,0,0,0,0,0,0,0,0,0,0,0
data\external\celeba\celeba\img_align_celeba\000536.jpg,celeba,000536.jpg,1,1,0,0,0,0,1,0,0,0,0,0,0,0,0,0,0,0,0,0,0,0,0,0,0,0,0,0,0,0
data\external\celeba\celeba\img_align_celeba\000537.jpg,celeba,000537.jpg,1,1,0,0,0,0,1,0,0,0,0,0,0,0,0,0,0,0,0,0,0,0,0,0,0,0,0,0,0,0
data\external\celeba\celeba\img_align_celeba\000538.jpg,celeba,000538.jpg,1,0,1,0,0,0,0,0,0,0,0,0,0,0,0,0,0,0,0,0,0,0,0,0,0,0,0,0,0,0
data\external\celeba\celeba\img_align_celeba\000539.jpg,celeba,000539.jpg,1,0,1,0,0,0,1,0,0,0,1,0,0,0,0,0,0,0,0,0,0,0,0,0,0,0,0,0,0,0
data\external\celeba\celeba\img_align_celeba\000540.jpg,celeba,000540.jpg,1,0,1,0,0,0,1,0,0,0,0,0,0,0,0,0,0,0,0,0,0,0,0,0,0,0,0,0,0,0
data\external\celeba\celeba\img_align_celeba\000541.jpg,celeba,000541.jpg,1,0,1,0,0,0,0,0,1,0,0,1,0,0,0,0,0,0,0,0,0,0,0,0,0,0,0,0,0,0
data\external\celeba\celeba\img_align_celeba\000542.jpg,celeba,000542.jpg,1,1,0,0,0,0,0,0,1,0,0,0,0,0,0,0,0,0,0,0,0,0,0,0,0,0,0,0,0,0
data\external\celeba\celeba\img_align_celeba\000543.jpg,celeba,000543.jpg,1,1,0,0,0,0,0,0,0,0,0,1,0,0,0,0,0,0,0,0,0,0,0,0,0,0,0,0,0,0
data\external\celeba\celeba\img_align_celeba\000544.jpg,celeba,000544.jpg,1,0,1,0,0,0,0,0,1,0,0,1,0,0,0,0,0,0,0,0,0,0,0,0,0,0,0,0,0,0
data\external\celeba\celeba\img_align_celeba\000545.jpg,celeba,000545.jpg,1,1,0,0,0,0,0,0,0,0,0,1,0,0,0,0,0,0,0,0,0,0,0,0,0,0,0,0,0,0
data\external\celeba\celeba\img_align_celeba\000546.jpg,celeba,000546.jpg,1,1,0,0,0,0,1,0,0,0,0,0,0,0,0,0,0,0,0,0,0,0,0,0,0,0,0,0,0,0
data\external\celeba\celeba\img_align_celeba\000547.jpg,celeba,000547.jpg,1,0,1,0,0,0,0,0,0,0,0,0,0,0,0,0,0,0,0,0,0,0,0,0,0,0,0,0,0,0
data\external\celeba\celeba\img_align_celeba\000548.jpg,celeba,000548.jpg,1,0,1,0,0,0,1,0,0,0,1,0,0,0,0,0,0,0,0,0,0,0,0,0,0,0,0,0,0,0
data\external\celeba\celeba\img_align_celeba\000549.jpg,celeba,000549.jpg,1,0,1,0,0,0,0,0,1,0,0,1,0,0,0,0,0,0,0,0,0,0,0,0,0,0,0,0,0,0
data\external\celeba\celeba\img_align_celeba\000550.jpg,celeba,000550.jpg,1,0,1,0,0,0,0,0,0,0,0,1,0,0,0,0,0,0,0,0,0,0,0,0,0,0,0,0,0,0
data\external\celeba\celeba\img_align_celeba\000551.jpg,celeba,000551.jpg,1,0,1,0,0,0,0,0,0,0,0,0,1,0,0,0,0,0,0,0,0,0,0,0,0,0,0,0,0,0
data\external\celeba\celeba\img_align_celeba\000552.jpg,celeba,000552.jpg,1,1,0,0,0,0,0,0,1,0,0,0,0,0,0,0,0,0,0,0,0,0,0,0,0,0,0,0,0,0
data\external\celeba\celeba\img_align_celeba\000553.jpg,celeba,000553.jpg,1,0,1,0,0,0,0,0,1,0,0,1,0,0,0,0,0,0,0,0,0,0,0,0,0,0,0,0,0,0
data\external\celeba\celeba\img_align_celeba\000554.jpg,celeba,000554.jpg,1,0,1,0,0,0,1,0,0,0,0,1,0,0,0,0,0,0,0,0,0,0,0,0,0,0,0,0,0,0
data\external\celeba\celeba\img_align_celeba\000555.jpg,celeba,000555.jpg,1,1,0,0,0,0,0,0,0,0,0,0,0,0,0,0,0,0,0,0,0,0,0,0,0,0,0,0,0,0
data\external\celeba\celeba\img_align_celeba\000556.jpg,celeba,000556.jpg,1,0,1,0,0,0,0,0,0,0,0,1,0,0,0,0,0,0,0,0,0,0,0,0,0,0,0,0,0,0
data\external\celeba\celeba\img_align_celeba\000557.jpg,celeba,000557.jpg,1,0,1,0,0,0,0,0,1,0,0,0,0,0,0,0,0,0,0,0,0,0,0,0,0,0,0,0,0,0
data\external\celeba\celeba\img_align_celeba\000558.jpg,celeba,000558.jpg,1,1,0,0,0,0,0,0,1,0,1,0,0,0,0,0,0,0,0,0,0,0,0,0,0,0,0,0,0,0
data\external\celeba\celeba\img_align_celeba\000559.jpg,celeba,000559.jpg,1,1,0,0,0,0,1,0,0,0,0,0,0,0,0,0,0,0,0,0,0,0,0,0,0,0,0,0,0,0
data\external\celeba\celeba\img_align_celeba\000560.jpg,celeba,000560.jpg,1,1,0,0,0,0,0,0,0,0,0,0,0,0,0,0,0,0,0,0,0,0,0,0,0,0,0,0,0,0
data\external\celeba\celeba\img_align_celeba\000561.jpg,celeba,000561.jpg,1,1,0,0,0,0,1,0,0,0,1,0,0,0,0,0,0,0,0,0,0,0,0,0,0,0,0,0,0,0
data\external\celeba\celeba\img_align_celeba\000562.jpg,celeba,000562.jpg,1,0,1,0,0,0,0,0,0,1,0,0,0,0,0,0,0,0,0,0,0,0,0,0,0,0,0,0,0,0
data\external\celeba\celeba\img_align_celeba\000563.jpg,celeba,000563.jpg,1,1,0,0,0,0,0,1,0,0,1,0,0,0,0,0,0,0,0,0,0,0,0,0,0,0,0,0,0,0
data\external\celeba\celeba\img_align_celeba\000564.jpg,celeba,000564.jpg,1,1,0,0,0,0,1,0,0,0,0,1,1,0,0,0,0,0,0,0,0,0,0,0,0,0,0,0,0,0
data\external\celeba\celeba\img_align_celeba\000565.jpg,celeba,000565.jpg,1,0,1,0,0,0,0,0,1,0,1,0,0,0,0,0,0,0,0,0,0,0,0,0,0,0,0,0,0,0
data\external\celeba\celeba\img_align_celeba\000566.jpg,celeba,000566.jpg,1,0,1,0,0,0,0,0,0,0,0,0,0,0,0,0,0,0,0,0,0,0,0,0,0,0,0,0,0,0
data\external\celeba\celeba\img_align_celeba\000567.jpg,celeba,000567.jpg,1,0,1,0,0,0,0,1,0,0,0,1,0,0,0,0,0,0,0,0,0,0,0,0,0,0,0,0,0,0
data\external\celeba\celeba\img_align_celeba\000568.jpg,celeba,000568.jpg,1,0,1,0,0,0,0,0,0,0,0,0,0,1,0,0,0,0,0,0,0,0,0,0,0,0,0,0,0,0
data\external\celeba\celeba\img_align_celeba\000569.jpg,celeba,000569.jpg,1,1,0,0,0,0,1,0,0,0,0,0,0,0,0,0,0,0,0,0,0,0,0,0,0,0,0,0,0,0
data\external\celeba\celeba\img_align_celeba\000570.jpg,celeba,000570.jpg,1,0,1,0,0,0,1,0,0,0,1,0,0,0,0,0,0,0,0,0,0,0,0,0,0,0,0,0,0,0
data\external\celeba\celeba\img_align_celeba\000571.jpg,celeba,000571.jpg,1,1,0,0,0,0,1,0,0,0,0,0,0,0,0,0,0,0,0,0,0,0,0,0,0,0,0,0,0,0
data\external\celeba\celeba\img_align_celeba\000572.jpg,celeba,000572.jpg,1,1,0,0,0,0,1,0,0,0,1,0,0,0,0,0,0,0,0,0,0,0,0,0,0,0,0,0,0,0
data\external\celeba\celeba\img_align_celeba\000573.jpg,celeba,000573.jpg,1,1,0,0,0,0,0,0,0,0,1,0,0,0,0,0,0,0,0,0,0,0,0,0,0,0,0,0,0,0
data\external\celeba\celeba\img_align_celeba\000574.jpg,celeba,000574.jpg,1,0,1,0,0,0,0,0,0,0,0,0,1,0,0,0,0,0,0,0,0,0,0,0,0,0,0,0,0,0
data\external\celeba\celeba\img_align_celeba\000575.jpg,celeba,000575.jpg,1,1,0,0,0,0,0,0,0,1,0,0,0,0,0,0,0,0,0,0,0,0,0,0,0,0,1,0,0,0
data\external\celeba\celeba\img_align_celeba\000576.jpg,celeba,000576.jpg,1,0,1,0,0,0,0,0,0,0,0,0,0,0,0,0,0,0,0,0,0,0,0,0,0,0,0,0,0,0
data\external\celeba\celeba\img_align_celeba\000577.jpg,celeba,000577.jpg,1,1,0,0,0,0,0,0,0,0,0,0,0,0,0,0,0,0,0,0,0,0,0,0,0,0,0,0,0,0
data\external\celeba\celeba\img_align_celeba\000578.jpg,celeba,000578.jpg,1,1,0,0,0,0,0,0,0,1,0,0,0,0,0,0,0,0,0,0,0,0,0,0,0,0,0,0,0,0
data\external\celeba\celeba\img_align_celeba\000579.jpg,celeba,000579.jpg,1,0,1,0,0,0,0,1,0,0,0,1,0,0,0,0,0,0,0,0,0,0,0,0,0,0,0,0,0,0
data\external\celeba\celeba\img_align_celeba\000580.jpg,celeba,000580.jpg,1,0,1,0,0,0,0,0,0,0,0,0,0,0,0,0,0,0,0,0,0,0,0,0,0,0,0,0,0,0
data\external\celeba\celeba\img_align_celeba\000581.jpg,celeba,000581.jpg,1,1,0,0,0,0,0,0,0,0,0,0,0,0,0,0,0,0,0,0,0,0,0,0,0,0,1,1,0,0
data\external\celeba\celeba\img_align_celeba\000582.jpg,celeba,000582.jpg,1,0,1,0,0,0,0,1,0,0,0,1,1,0,0,0,0,0,0,0,0,0,0,0,0,0,0,0,0,0
data\external\celeba\celeba\img_align_celeba\000583.jpg,celeba,000583.jpg,1,1,0,0,0,0,1,0,0,0,0,0,0,0,0,0,0,0,0,0,0,0,0,0,0,0,0,0,0,0
data\external\celeba\celeba\img_align_celeba\000584.jpg,celeba,000584.jpg,1,1,0,0,0,0,0,0,0,0,0,0,0,0,0,0,0,0,0,0,0,0,0,0,0,0,0,0,0,0
data\external\celeba\celeba\img_align_celeba\000585.jpg,celeba,000585.jpg,1,1,0,0,0,0,0,0,0,0,0,1,0,0,0,0,0,0,0,0,0,0,0,0,0,0,0,0,0,0
data\external\celeba\celeba\img_align_celeba\000586.jpg,celeba,000586.jpg,1,1,0,0,0,0,1,0,0,0,1,0,0,0,0,0,0,0,0,0,0,0,0,0,0,0,0,0,0,0
data\external\celeba\celeba\img_align_celeba\000587.jpg,celeba,000587.jpg,1,1,0,0,0,0,0,0,0,0,0,0,0,0,0,0,0,0,0,0,0,0,0,0,0,0,0,0,0,0
data\external\celeba\celeba\img_align_celeba\000588.jpg,celeba,000588.jpg,1,0,1,0,0,0,0,1,0,0,0,1,0,0,0,0,0,0,0,0,0,0,0,0,0,0,0,0,0,0
data\external\celeba\celeba\img_align_celeba\000589.jpg,celeba,000589.jpg,1,0,1,0,0,0,1,0,0,0,0,1,0,0,0,0,0,0,0,0,0,0,0,0,0,0,0,0,0,0
data\external\celeba\celeba\img_align_celeba\000590.jpg,celeba,000590.jpg,1,1,0,0,0,0,0,0,1,0,0,0,1,0,0,0,0,0,0,0,0,0,0,0,0,0,0,0,0,0
data\external\celeba\celeba\img_align_celeba\000591.jpg,celeba,000591.jpg,1,1,0,0,0,0,0,0,0,0,0,0,0,0,0,0,0,0,0,0,0,0,0,0,0,0,0,0,0,0
data\external\celeba\celeba\img_align_celeba\000592.jpg,celeba,000592.jpg,1,1,0,0,0,0,0,0,1,0,0,0,0,0,0,0,0,0,0,0,0,0,0,0,0,0,0,0,0,0
data\external\celeba\celeba\img_align_celeba\000593.jpg,celeba,000593.jpg,1,1,0,0,0,0,0,0,0,0,0,0,0,0,0,0,0,0,0,0,0,0,0,0,0,0,0,0,0,0
data\external\celeba\celeba\img_align_celeba\000594.jpg,celeba,000594.jpg,1,0,1,0,0,0,1,0,0,0,0,0,0,0,0,0,0,0,0,0,0,0,0,0,0,0,0,0,0,0
data\external\celeba\celeba\img_align_celeba\000595.jpg,celeba,000595.jpg,1,0,1,0,0,0,1,0,0,0,0,0,0,0,0,0,0,0,0,0,0,0,0,0,0,0,0,0,0,0
data\external\celeba\celeba\img_align_celeba\000596.jpg,celeba,000596.jpg,1,1,0,0,0,0,0,0,0,1,0,0,0,0,0,0,0,0,0,0,0,0,0,0,0,0,0,0,0,0
data\external\celeba\celeba\img_align_celeba\000597.jpg,celeba,000597.jpg,1,0,1,0,0,0,0,0,1,0,0,1,0,0,0,0,0,0,0,0,0,0,0,0,0,0,0,0,0,0
data\external\celeba\celeba\img_align_celeba\000598.jpg,celeba,000598.jpg,1,0,1,0,0,0,0,0,1,0,0,1,0,0,0,0,0,0,0,0,0,0,0,0,0,0,0,0,0,0
data\external\celeba\celeba\img_align_celeba\000599.jpg,celeba,000599.jpg,1,0,1,0,0,0,0,1,0,0,0,1,0,0,0,0,0,0,0,0,0,0,0,0,0,0,0,0,0,0
data\external\celeba\celeba\img_align_celeba\000600.jpg,celeba,000600.jpg,1,0,1,0,0,0,1,0,0,0,0,0,0,1,0,0,0,0,0,0,0,0,0,0,0,0,0,0,0,0
data\external\celeba\celeba\img_align_celeba\000601.jpg,celeba,000601.jpg,1,0,1,0,0,0,0,0,0,0,0,0,1,0,0,0,0,0,0,0,0,0,0,0,0,0,0,0,0,0
data\external\celeba\celeba\img_align_celeba\000602.jpg,celeba,000602.jpg,1,0,1,0,0,0,0,1,0,0,0,1,0,0,0,0,0,0,0,0,0,0,0,0,0,0,0,0,0,0
data\external\celeba\celeba\img_align_celeba\000603.jpg,celeba,000603.jpg,1,1,0,0,0,0,1,0,0,0,0,0,0,0,0,0,0,0,0,0,0,0,0,0,0,0,0,0,0,0
data\external\celeba\celeba\img_align_celeba\000604.jpg,celeba,000604.jpg,1,1,0,0,0,0,0,0,0,0,0,0,0,0,0,0,0,0,0,0,0,0,0,0,0,0,0,0,0,0
data\external\celeba\celeba\img_align_celeba\000605.jpg,celeba,000605.jpg,1,0,1,0,0,0,0,1,0,0,0,1,0,0,0,0,0,0,0,0,0,0,0,0,0,0,0,0,0,0
data\external\celeba\celeba\img_align_celeba\000606.jpg,celeba,000606.jpg,1,0,1,0,0,0,0,0,0,0,0,0,0,0,0,0,0,0,0,0,0,0,0,0,0,0,0,0,0,0
data\external\celeba\celeba\img_align_celeba\000607.jpg,celeba,000607.jpg,1,0,1,0,0,0,0,0,1,0,0,0,0,0,0,0,0,0,0,0,0,0,0,0,0,0,0,0,0,0
data\external\celeba\celeba\img_align_celeba\000608.jpg,celeba,000608.jpg,1,1,0,0,0,0,0,0,0,1,1,0,0,0,0,0,0,0,0,0,0,0,0,0,0,0,1,0,0,0
data\external\celeba\celeba\img_align_celeba\000609.jpg,celeba,000609.jpg,1,0,1,0,0,0,0,0,1,0,0,1,0,0,0,0,0,0,0,0,0,0,0,0,0,0,0,0,0,0
data\external\celeba\celeba\img_align_celeba\000610.jpg,celeba,000610.jpg,1,0,1,0,0,0,1,0,0,0,0,1,1,0,0,0,0,0,0,0,0,0,0,0,0,0,0,0,0,0
data\external\celeba\celeba\img_align_celeba\000611.jpg,celeba,000611.jpg,1,0,1,0,0,0,0,0,1,0,0,1,1,0,0,0,0,0,0,0,0,0,0,0,0,0,0,0,0,0
data\external\celeba\celeba\img_align_celeba\000612.jpg,celeba,000612.jpg,1,0,1,0,0,0,1,0,0,0,0,0,0,0,0,0,0,0,0,0,0,0,0,0,0,0,0,0,0,0
data\external\celeba\celeba\img_align_celeba\000613.jpg,celeba,000613.jpg,1,0,1,0,0,0,0,0,1,0,0,1,0,0,0,0,0,0,0,0,0,0,0,0,0,0,0,0,0,0
data\external\celeba\celeba\img_align_celeba\000614.jpg,celeba,000614.jpg,1,0,1,0,0,0,0,0,0,0,1,0,0,0,0,0,0,0,0,0,0,0,0,0,0,0,0,0,0,0
data\external\celeba\celeba\img_align_celeba\000615.jpg,celeba,000615.jpg,1,0,1,0,0,0,0,1,0,0,0,1,0,0,0,0,0,0,0,0,0,0,0,0,0,0,0,0,0,0
data\external\celeba\celeba\img_align_celeba\000616.jpg,celeba,000616.jpg,1,0,1,0,0,0,1,0,0,0,0,1,0,0,0,0,0,0,0,0,0,0,0,0,0,0,0,0,0,0
data\external\celeba\celeba\img_align_celeba\000617.jpg,celeba,000617.jpg,1,1,0,0,0,0,1,0,0,0,1,0,0,0,0,0,0,0,0,0,0,0,0,0,0,0,0,0,0,0
data\external\celeba\celeba\img_align_celeba\000618.jpg,celeba,000618.jpg,1,0,1,0,0,0,0,0,0,0,0,0,0,0,0,0,0,0,0,0,0,0,0,0,0,0,0,0,0,0
data\external\celeba\celeba\img_align_celeba\000619.jpg,celeba,000619.jpg,1,1,0,0,0,0,1,0,0,0,0,0,0,1,0,0,0,0,0,0,0,0,0,0,0,0,1,0,0,0
data\external\celeba\celeba\img_align_celeba\000620.jpg,celeba,000620.jpg,1,1,0,0,0,0,0,0,0,0,0,0,0,0,0,0,0,0,0,0,0,0,0,0,0,0,0,0,0,0
data\external\celeba\celeba\img_align_celeba\000621.jpg,celeba,000621.jpg,1,0,1,0,0,0,0,0,0,0,0,1,0,0,0,0,0,0,0,0,0,0,0,0,0,0,0,0,0,0
data\external\celeba\celeba\img_align_celeba\000622.jpg,celeba,000622.jpg,1,1,0,0,0,0,0,0,1,0,0,1,0,0,0,0,0,0,0,0,0,0,0,0,0,0,0,0,0,0
data\external\celeba\celeba\img_align_celeba\000623.jpg,celeba,000623.jpg,1,1,0,0,0,1,0,0,0,0,0,0,0,0,0,0,0,0,0,0,0,0,0,0,0,0,0,0,0,0
data\external\celeba\celeba\img_align_celeba\000624.jpg,celeba,000624.jpg,1,1,0,0,0,0,0,0,0,0,0,0,0,1,0,0,0,0,0,0,0,0,0,0,0,0,1,0,0,0
data\external\celeba\celeba\img_align_celeba\000625.jpg,celeba,000625.jpg,1,1,0,0,0,0,1,0,0,0,0,1,0,0,0,0,0,0,0,0,0,0,0,0,0,0,0,0,0,0
data\external\celeba\celeba\img_align_celeba\000626.jpg,celeba,000626.jpg,1,0,1,0,0,0,0,0,0,0,0,0,0,0,0,0,0,0,0,0,0,0,0,0,0,0,0,0,0,0
data\external\celeba\celeba\img_align_celeba\000627.jpg,celeba,000627.jpg,1,0,1,0,0,0,0,0,0,0,0,0,1,0,0,0,0,0,0,0,0,0,0,0,0,0,0,0,0,0
data\external\celeba\celeba\img_align_celeba\000628.jpg,celeba,000628.jpg,1,1,0,0,0,0,0,0,0,0,0,0,0,0,0,0,0,0,0,0,0,0,0,0,0,0,1,0,0,0
data\external\celeba\celeba\img_align_celeba\000629.jpg,celeba,000629.jpg,1,1,0,0,0,0,0,0,0,0,0,0,0,0,0,0,0,0,0,0,0,0,0,0,0,0,0,0,0,0
data\external\celeba\celeba\img_align_celeba\000630.jpg,celeba,000630.jpg,1,1,0,0,0,0,1,0,0,0,1,0,0,0,0,0,0,0,0,0,0,0,0,0,0,0,0,0,0,0
data\external\celeba\celeba\img_align_celeba\000631.jpg,celeba,000631.jpg,1,0,1,0,0,0,1,0,0,0,1,0,0,0,0,0,0,0,0,0,0,0,0,0,0,0,0,0,0,0
data\external\celeba\celeba\img_align_celeba\000632.jpg,celeba,000632.jpg,1,0,1,0,0,0,0,0,0,0,0,1,0,0,0,0,0,0,0,0,0,0,0,0,0,0,0,0,0,0
data\external\celeba\celeba\img_align_celeba\000633.jpg,celeba,000633.jpg,1,0,1,0,0,0,1,0,0,0,1,0,0,0,0,0,0,0,0,0,0,0,0,0,0,0,0,0,0,0
data\external\celeba\celeba\img_align_celeba\000634.jpg,celeba,000634.jpg,1,0,1,0,0,0,0,1,0,0,1,0,0,0,0,0,0,0,0,0,0,0,0,0,0,0,0,0,0,0
data\external\celeba\celeba\img_align_celeba\000635.jpg,celeba,000635.jpg,1,0,1,0,0,0,0,0,0,0,0,0,0,0,0,0,0,0,0,0,0,0,0,0,0,0,0,1,0,0
data\external\celeba\celeba\img_align_celeba\000636.jpg,celeba,000636.jpg,1,1,0,0,0,0,1,0,0,0,0,0,0,0,0,0,0,0,0,0,0,0,0,0,0,0,0,0,0,0
data\external\celeba\celeba\img_align_celeba\000637.jpg,celeba,000637.jpg,1,1,0,0,0,0,0,0,0,0,0,0,0,0,0,0,0,0,0,0,0,0,0,0,0,0,0,1,0,0
data\external\celeba\celeba\img_align_celeba\000638.jpg,celeba,000638.jpg,1,0,1,0,0,0,1,0,0,0,1,0,0,0,0,0,0,0,0,0,0,0,0,0,0,0,0,0,0,0
data\external\celeba\celeba\img_align_celeba\000639.jpg,celeba,000639.jpg,1,1,0,0,0,0,0,0,0,1,0,0,0,1,0,0,0,0,0,0,0,0,0,0,0,0,0,0,0,0
data\external\celeba\celeba\img_align_celeba\000640.jpg,celeba,000640.jpg,1,0,1,0,0,0,1,0,0,0,0,1,0,0,0,0,0,0,0,0,0,0,0,0,0,0,0,0,0,0
data\external\celeba\celeba\img_align_celeba\000641.jpg,celeba,000641.jpg,1,0,1,0,0,0,0,0,0,0,0,0,0,1,0,0,0,0,0,0,0,0,0,0,0,0,0,0,0,0
data\external\celeba\celeba\img_align_celeba\000642.jpg,celeba,000642.jpg,1,0,1,0,0,0,0,1,0,0,0,0,0,0,0,0,0,0,0,0,0,0,0,0,0,0,0,0,0,0
data\external\celeba\celeba\img_align_celeba\000643.jpg,celeba,000643.jpg,1,0,1,0,0,0,0,0,1,0,0,0,0,0,0,0,0,0,0,0,0,0,0,0,0,0,0,0,0,0
data\external\celeba\celeba\img_align_celeba\000644.jpg,celeba,000644.jpg,1,0,1,0,0,0,0,1,0,0,0,0,1,0,0,0,0,0,0,0,0,0,0,0,0,0,0,0,0,0
data\external\celeba\celeba\img_align_celeba\000645.jpg,celeba,000645.jpg,1,0,1,0,0,0,1,0,0,0,0,1,1,0,0,0,0,0,0,0,0,0,0,0,0,0,0,0,0,0
data\external\celeba\celeba\img_align_celeba\000646.jpg,celeba,000646.jpg,1,0,1,0,0,0,0,0,1,0,0,0,0,0,0,0,0,0,0,0,0,0,0,0,0,0,1,0,0,0
data\external\celeba\celeba\img_align_celeba\000647.jpg,celeba,000647.jpg,1,0,1,0,0,0,1,0,0,0,0,0,0,0,0,0,0,0,0,0,0,0,0,0,0,0,0,0,0,0
data\external\celeba\celeba\img_align_celeba\000648.jpg,celeba,000648.jpg,1,0,1,0,0,0,0,0,0,0,0,0,0,0,0,0,0,0,0,0,0,0,0,0,0,0,0,0,0,0
data\external\celeba\celeba\img_align_celeba\000649.jpg,celeba,000649.jpg,1,1,0,0,0,0,1,0,0,0,1,0,0,0,0,0,0,0,0,0,0,0,0,0,0,0,0,0,0,0
data\external\celeba\celeba\img_align_celeba\000650.jpg,celeba,000650.jpg,1,0,1,0,0,0,0,0,1,0,1,0,0,0,0,0,0,0,0,0,0,0,0,0,0,0,0,0,0,0
data\external\celeba\celeba\img_align_celeba\000651.jpg,celeba,000651.jpg,1,1,0,0,0,0,0,0,0,0,1,0,0,0,0,0,0,0,0,0,0,0,0,0,0,0,0,0,0,0
data\external\celeba\celeba\img_align_celeba\000652.jpg,celeba,000652.jpg,1,1,0,0,0,0,1,0,0,0,1,0,0,0,0,0,0,0,0,0,0,0,0,0,0,0,0,0,0,0
data\external\celeba\celeba\img_align_celeba\000653.jpg,celeba,000653.jpg,1,0,1,0,0,0,0,0,0,0,1,0,1,0,0,0,0,0,0,0,0,0,0,0,0,0,0,0,0,0
data\external\celeba\celeba\img_align_celeba\000654.jpg,celeba,000654.jpg,1,1,0,0,0,0,0,0,0,0,0,0,1,0,0,0,0,0,0,0,0,0,0,0,0,0,0,0,0,0
data\external\celeba\celeba\img_align_celeba\000655.jpg,celeba,000655.jpg,1,1,0,0,0,0,1,0,0,0,1,0,0,0,0,0,0,0,0,0,0,0,0,0,0,0,0,0,0,0
data\external\celeba\celeba\img_align_celeba\000656.jpg,celeba,000656.jpg,1,0,1,0,0,0,0,1,0,0,0,1,0,0,0,0,0,0,0,0,0,0,0,0,0,0,0,0,0,0
data\external\celeba\celeba\img_align_celeba\000657.jpg,celeba,000657.jpg,1,1,0,0,0,0,0,0,1,0,1,0,0,0,0,0,0,0,0,0,0,0,0,0,0,0,0,1,0,0
data\external\celeba\celeba\img_align_celeba\000658.jpg,celeba,000658.jpg,1,0,1,0,0,0,0,1,0,0,0,0,0,0,0,0,0,0,0,0,0,0,0,0,0,0,0,0,0,0
data\external\celeba\celeba\img_align_celeba\000659.jpg,celeba,000659.jpg,1,1,0,0,0,0,0,0,0,0,1,0,0,0,0,0,0,0,0,0,0,0,0,0,0,0,0,0,0,0
data\external\celeba\celeba\img_align_celeba\000660.jpg,celeba,000660.jpg,1,1,0,0,0,0,1,0,0,0,1,0,0,0,0,0,0,0,0,0,0,0,0,0,0,0,0,0,0,0
data\external\celeba\celeba\img_align_celeba\000661.jpg,celeba,000661.jpg,1,1,0,0,0,0,0,0,0,0,1,0,0,0,0,0,0,0,0,0,0,0,0,0,0,0,0,0,0,0
data\external\celeba\celeba\img_align_celeba\000662.jpg,celeba,000662.jpg,1,1,0,0,0,0,0,0,1,0,0,1,0,0,0,0,0,0,0,0,0,0,0,0,0,0,0,0,0,0
data\external\celeba\celeba\img_align_celeba\000663.jpg,celeba,000663.jpg,1,0,1,0,0,0,1,0,0,0,1,0,0,0,0,0,0,0,0,0,0,0,0,0,0,0,0,0,0,0
data\external\celeba\celeba\img_align_celeba\000664.jpg,celeba,000664.jpg,1,0,1,0,0,0,0,0,1,0,0,1,0,0,0,0,0,0,0,0,0,0,0,0,0,0,0,0,0,0
data\external\celeba\celeba\img_align_celeba\000665.jpg,celeba,000665.jpg,1,0,1,0,0,0,0,0,0,0,0,0,0,0,0,0,0,0,0,0,0,0,0,0,0,0,0,0,0,0
data\external\celeba\celeba\img_align_celeba\000666.jpg,celeba,000666.jpg,1,0,1,0,0,0,0,1,0,0,1,0,1,0,0,0,0,0,0,0,0,0,0,0,0,0,0,0,0,0
data\external\celeba\celeba\img_align_celeba\000667.jpg,celeba,000667.jpg,1,0,1,0,0,0,0,1,0,0,0,1,1,0,0,0,0,0,0,0,0,0,0,0,0,0,0,0,0,0
data\external\celeba\celeba\img_align_celeba\000668.jpg,celeba,000668.jpg,1,0,1,0,0,0,1,0,0,0,0,0,0,0,0,0,0,0,0,0,0,0,0,0,0,0,0,0,0,0
data\external\celeba\celeba\img_align_celeba\000669.jpg,celeba,000669.jpg,1,0,1,0,0,0,1,0,0,0,0,0,0,0,0,0,0,0,0,0,0,0,0,0,0,0,0,0,0,0
data\external\celeba\celeba\img_align_celeba\000670.jpg,celeba,000670.jpg,1,1,0,0,0,0,0,0,1,0,0,0,1,0,0,0,0,0,0,0,0,0,0,0,0,0,0,0,0,0
data\external\celeba\celeba\img_align_celeba\000671.jpg,celeba,000671.jpg,1,1,0,0,0,0,1,0,0,0,0,0,0,0,0,0,0,0,0,0,0,0,0,0,0,0,0,0,0,0
data\external\celeba\celeba\img_align_celeba\000672.jpg,celeba,000672.jpg,1,1,0,0,0,0,0,0,0,0,0,0,0,0,0,0,0,0,0,0,0,0,0,0,0,0,0,1,0,0
data\external\celeba\celeba\img_align_celeba\000673.jpg,celeba,000673.jpg,1,0,1,0,0,0,0,0,0,0,0,0,1,0,0,0,0,0,0,0,0,0,0,0,0,0,1,0,0,0
data\external\celeba\celeba\img_align_celeba\000674.jpg,celeba,000674.jpg,1,1,0,0,0,0,1,0,0,0,0,1,0,0,0,0,0,0,0,0,0,0,0,0,0,0,0,0,0,0
data\external\celeba\celeba\img_align_celeba\000675.jpg,celeba,000675.jpg,1,1,0,0,0,0,0,0,0,0,0,0,0,0,0,0,0,0,0,0,0,0,0,0,0,0,1,0,0,0
data\external\celeba\celeba\img_align_celeba\000676.jpg,celeba,000676.jpg,1,0,1,0,0,0,0,0,0,0,0,1,1,0,0,0,0,0,0,0,0,0,0,0,0,0,1,0,0,0
data\external\celeba\celeba\img_align_celeba\000677.jpg,celeba,000677.jpg,1,1,0,0,0,0,0,0,0,1,0,0,0,0,0,0,0,0,0,0,0,0,0,0,0,0,0,0,0,0
data\external\celeba\celeba\img_align_celeba\000678.jpg,celeba,000678.jpg,1,0,1,0,0,0,0,0,0,0,0,1,0,0,0,0,0,0,0,0,0,0,0,0,0,0,0,0,0,0
data\external\celeba\celeba\img_align_celeba\000679.jpg,celeba,000679.jpg,1,0,1,0,0,0,1,0,0,0,0,0,0,0,0,0,0,0,0,0,0,0,0,0,0,0,0,0,0,0
data\external\celeba\celeba\img_align_celeba\000680.jpg,celeba,000680.jpg,1,0,1,0,0,0,0,1,0,0,0,0,0,0,0,0,0,0,0,0,0,0,0,0,0,0,0,0,0,0
data\external\celeba\celeba\img_align_celeba\000681.jpg,celeba,000681.jpg,1,1,0,0,0,0,1,0,0,0,1,0,0,0,0,0,0,0,0,0,0,0,0,0,0,0,0,0,0,0
data\external\celeba\celeba\img_align_celeba\000682.jpg,celeba,000682.jpg,1,1,0,0,0,0,1,0,0,0,1,0,0,0,0,0,0,0,0,0,0,0,0,0,0,0,0,0,0,0
data\external\celeba\celeba\img_align_celeba\000683.jpg,celeba,000683.jpg,1,1,0,0,0,0,1,0,0,0,0,0,1,0,0,0,0,0,0,0,0,0,0,0,0,0,1,0,0,0
data\external\celeba\celeba\img_align_celeba\000684.jpg,celeba,000684.jpg,1,1,0,0,0,0,0,0,1,0,1,0,0,0,0,0,0,0,0,0,0,0,0,0,0,0,0,0,0,0
data\external\celeba\celeba\img_align_celeba\000685.jpg,celeba,000685.jpg,1,1,0,0,0,0,0,0,1,0,0,1,1,0,0,0,0,0,0,0,0,0,0,0,0,0,0,0,0,0
data\external\celeba\celeba\img_align_celeba\000686.jpg,celeba,000686.jpg,1,1,0,0,0,0,1,0,0,0,0,0,0,0,0,0,0,0,0,0,0,0,0,0,0,0,0,0,0,0
data\external\celeba\celeba\img_align_celeba\000687.jpg,celeba,000687.jpg,1,1,0,0,0,0,0,0,0,1,0,0,0,1,0,0,0,0,0,0,0,0,0,0,0,0,1,0,0,0
data\external\celeba\celeba\img_align_celeba\000688.jpg,celeba,000688.jpg,1,1,0,0,0,0,0,0,1,0,0,0,0,0,0,0,0,0,0,0,0,0,0,0,0,0,0,0,0,0
data\external\celeba\celeba\img_align_celeba\000689.jpg,celeba,000689.jpg,1,1,0,0,0,0,0,0,1,0,0,1,0,0,0,0,0,0,0,0,0,0,0,0,0,0,0,0,0,0
data\external\celeba\celeba\img_align_celeba\000690.jpg,celeba,000690.jpg,1,1,0,0,0,0,0,0,0,0,0,0,1,0,0,0,0,0,0,0,0,0,0,0,0,0,0,0,0,0
data\external\celeba\celeba\img_align_celeba\000691.jpg,celeba,000691.jpg,1,0,1,0,0,0,0,0,1,0,1,0,1,0,0,0,0,0,0,0,0,0,0,0,0,0,0,0,0,0
data\external\celeba\celeba\img_align_celeba\000692.jpg,celeba,000692.jpg,1,0,1,0,0,0,0,1,0,0,0,1,0,0,0,0,0,0,0,0,0,0,0,0,0,0,0,0,0,0
data\external\celeba\celeba\img_align_celeba\000693.jpg,celeba,000693.jpg,1,0,1,0,0,0,0,1,0,0,0,1,0,0,0,0,0,0,0,0,0,0,0,0,0,0,0,0,0,0
data\external\celeba\celeba\img_align_celeba\000694.jpg,celeba,000694.jpg,1,0,1,0,0,0,0,0,0,0,0,0,0,0,0,0,0,0,0,0,0,0,0,0,0,0,0,0,0,0
data\external\celeba\celeba\img_align_celeba\000695.jpg,celeba,000695.jpg,1,1,0,0,0,0,0,0,0,0,0,0,0,0,0,0,0,0,0,0,0,0,0,0,0,0,0,0,0,0
data\external\celeba\celeba\img_align_celeba\000696.jpg,celeba,000696.jpg,1,1,0,0,0,0,0,0,0,0,0,0,0,0,0,0,0,0,0,0,0,0,0,0,0,0,0,0,0,0
data\external\celeba\celeba\img_align_celeba\000697.jpg,celeba,000697.jpg,1,1,0,0,0,0,0,0,0,0,0,0,1,0,0,0,0,0,0,0,0,0,0,0,0,0,0,0,0,0
data\external\celeba\celeba\img_align_celeba\000698.jpg,celeba,000698.jpg,1,0,1,0,0,0,0,0,0,0,0,1,0,0,0,0,0,0,0,0,0,0,0,0,0,0,0,0,0,0
data\external\celeba\celeba\img_align_celeba\000699.jpg,celeba,000699.jpg,1,0,1,0,0,0,0,1,0,0,1,0,0,0,0,0,0,0,0,0,0,0,0,0,0,0,0,0,0,0
data\external\celeba\celeba\img_align_celeba\000700.jpg,celeba,000700.jpg,1,1,0,0,0,0,1,0,0,0,0,0,0,0,0,0,0,0,0,0,0,0,0,0,0,0,0,0,0,0
data\external\celeba\celeba\img_align_celeba\000701.jpg,celeba,000701.jpg,1,0,1,0,0,0,0,0,0,0,0,1,0,0,0,0,0,0,0,0,0,0,0,0,0,0,0,0,0,0
data\external\celeba\celeba\img_align_celeba\000702.jpg,celeba,000702.jpg,1,0,1,0,0,0,0,1,0,0,0,0,0,0,0,0,0,0,0,0,0,0,0,0,0,0,0,0,0,0
data\external\celeba\celeba\img_align_celeba\000703.jpg,celeba,000703.jpg,1,0,1,0,0,0,0,0,0,0,1,0,0,0,0,0,0,0,0,0,0,0,0,0,0,0,0,0,0,0
data\external\celeba\celeba\img_align_celeba\000704.jpg,celeba,000704.jpg,1,0,1,0,0,0,0,0,0,0,0,1,0,0,0,0,0,0,0,0,0,0,0,0,0,0,0,0,0,0
data\external\celeba\celeba\img_align_celeba\000705.jpg,celeba,000705.jpg,1,1,0,0,0,0,0,0,1,0,0,0,0,0,0,0,0,0,0,0,0,0,0,0,0,0,1,0,0,0
data\external\celeba\celeba\img_align_celeba\000706.jpg,celeba,000706.jpg,1,1,0,0,0,0,0,0,1,0,0,0,0,0,0,0,0,0,0,0,0,0,0,0,0,0,0,0,0,0
data\external\celeba\celeba\img_align_celeba\000707.jpg,celeba,000707.jpg,1,0,1,0,0,0,1,0,0,0,0,1,0,0,0,0,0,0,0,0,0,0,0,0,0,0,0,0,0,0
data\external\celeba\celeba\img_align_celeba\000708.jpg,celeba,000708.jpg,1,0,1,0,0,0,0,0,1,0,0,0,0,0,0,0,0,0,0,0,0,0,0,0,0,0,0,0,0,0
data\external\celeba\celeba\img_align_celeba\000709.jpg,celeba,000709.jpg,1,0,1,0,0,0,0,1,0,0,0,0,0,1,0,0,0,0,0,0,0,0,0,0,0,0,0,0,0,0
data\external\celeba\celeba\img_align_celeba\000710.jpg,celeba,000710.jpg,1,1,0,0,0,0,0,0,0,0,0,0,0,0,0,0,0,0,0,0,0,0,0,0,0,0,1,0,0,0
data\external\celeba\celeba\img_align_celeba\000711.jpg,celeba,000711.jpg,1,0,1,0,0,0,0,0,0,0,0,1,0,0,0,0,0,0,0,0,0,0,0,0,0,0,0,0,0,0
data\external\celeba\celeba\img_align_celeba\000712.jpg,celeba,000712.jpg,1,1,0,0,0,0,0,0,0,0,0,1,0,0,0,0,0,0,0,0,0,0,0,0,0,0,0,0,0,0
data\external\celeba\celeba\img_align_celeba\000713.jpg,celeba,000713.jpg,1,1,0,0,0,0,0,0,0,0,0,0,0,0,0,0,0,0,0,0,0,0,0,0,0,0,0,0,0,0
data\external\celeba\celeba\img_align_celeba\000714.jpg,celeba,000714.jpg,1,1,0,0,0,0,0,0,1,0,0,0,0,0,0,0,0,0,0,0,0,0,0,0,0,0,0,0,0,0
data\external\celeba\celeba\img_align_celeba\000715.jpg,celeba,000715.jpg,1,0,1,0,0,0,0,1,0,0,0,1,0,0,0,0,0,0,0,0,0,0,0,0,0,0,0,0,0,0
data\external\celeba\celeba\img_align_celeba\000716.jpg,celeba,000716.jpg,1,0,1,0,0,0,1,0,0,0,0,1,0,0,0,0,0,0,0,0,0,0,0,0,0,0,0,0,0,0
data\external\celeba\celeba\img_align_celeba\000717.jpg,celeba,000717.jpg,1,0,1,0,0,0,1,0,0,0,1,0,0,0,0,0,0,0,0,0,0,0,0,0,0,0,0,0,0,0
data\external\celeba\celeba\img_align_celeba\000718.jpg,celeba,000718.jpg,1,0,1,0,0,0,0,0,0,0,0,0,0,0,0,0,0,0,0,0,0,0,0,0,0,0,0,0,0,0
data\external\celeba\celeba\img_align_celeba\000719.jpg,celeba,000719.jpg,1,0,1,0,0,0,0,0,0,1,0,0,1,0,0,0,0,0,0,0,0,0,0,0,0,0,0,0,0,0
data\external\celeba\celeba\img_align_celeba\000720.jpg,celeba,000720.jpg,1,1,0,0,0,0,0,0,0,1,0,1,0,0,0,0,0,0,0,0,0,0,0,0,0,0,1,0,0,0
data\external\celeba\celeba\img_align_celeba\000721.jpg,celeba,000721.jpg,1,0,1,0,0,0,0,1,0,0,0,0,1,0,0,0,0,0,0,0,0,0,0,0,0,0,0,0,0,0
data\external\celeba\celeba\img_align_celeba\000722.jpg,celeba,000722.jpg,1,0,1,0,0,0,0,0,0,0,1,0,0,0,0,0,0,0,0,0,0,0,0,0,0,0,0,0,0,0
data\external\celeba\celeba\img_align_celeba\000723.jpg,celeba,000723.jpg,1,1,0,0,0,0,0,0,1,0,0,1,1,0,0,0,0,0,0,0,0,0,0,0,0,0,0,0,0,0
data\external\celeba\celeba\img_align_celeba\000724.jpg,celeba,000724.jpg,1,1,0,0,0,0,1,0,0,0,1,0,0,1,0,0,0,0,0,0,0,0,0,0,0,0,0,0,0,0
data\external\celeba\celeba\img_align_celeba\000725.jpg,celeba,000725.jpg,1,0,1,0,0,0,0,0,0,0,0,1,0,0,0,0,0,0,0,0,0,0,0,0,0,0,0,0,0,0
data\external\celeba\celeba\img_align_celeba\000726.jpg,celeba,000726.jpg,1,0,1,0,0,0,0,0,0,0,0,0,0,0,0,0,0,0,0,0,0,0,0,0,0,0,1,0,0,0
data\external\celeba\celeba\img_align_celeba\000727.jpg,celeba,000727.jpg,1,0,1,0,0,0,1,0,0,0,0,1,0,0,0,0,0,0,0,0,0,0,0,0,0,0,0,0,0,0
data\external\celeba\celeba\img_align_celeba\000728.jpg,celeba,000728.jpg,1,1,0,0,0,0,1,0,0,0,0,0,0,0,0,0,0,0,0,0,0,0,0,0,0,0,0,0,0,0
data\external\celeba\celeba\img_align_celeba\000729.jpg,celeba,000729.jpg,1,1,0,0,0,1,0,0,0,0,0,0,0,0,0,0,0,0,0,0,0,0,0,0,0,0,0,0,0,0
data\external\celeba\celeba\img_align_celeba\000730.jpg,celeba,000730.jpg,1,1,0,0,0,0,0,0,1,0,1,0,0,0,0,0,0,0,0,0,0,0,0,0,0,0,0,0,0,0
data\external\celeba\celeba\img_align_celeba\000731.jpg,celeba,000731.jpg,1,1,0,0,0,0,0,0,0,0,0,0,0,0,0,0,0,0,0,0,0,0,0,0,0,0,0,1,0,0
data\external\celeba\celeba\img_align_celeba\000732.jpg,celeba,000732.jpg,1,1,0,0,0,0,0,0,1,0,0,1,0,0,0,0,0,0,0,0,0,0,0,0,0,0,0,0,0,0
data\external\celeba\celeba\img_align_celeba\000733.jpg,celeba,000733.jpg,1,1,0,0,0,0,0,0,0,0,0,0,0,0,0,0,0,0,0,0,0,0,0,0,0,0,0,0,0,0
data\external\celeba\celeba\img_align_celeba\000734.jpg,celeba,000734.jpg,1,0,1,0,0,0,0,0,0,0,0,0,0,0,0,0,0,0,0,0,0,0,0,0,0,0,0,0,0,0
data\external\celeba\celeba\img_align_celeba\000735.jpg,celeba,000735.jpg,1,1,0,0,0,0,1,0,0,0,0,0,0,0,0,0,0,0,0,0,0,0,0,0,0,0,0,0,0,0
data\external\celeba\celeba\img_align_celeba\000736.jpg,celeba,000736.jpg,1,0,1,0,0,0,0,0,1,0,0,1,0,0,0,0,0,0,0,0,0,0,0,0,0,0,0,0,0,0
data\external\celeba\celeba\img_align_celeba\000737.jpg,celeba,000737.jpg,1,0,1,0,0,0,0,0,1,0,0,1,0,0,0,0,0,0,0,0,0,0,0,0,0,0,0,0,0,0
data\external\celeba\celeba\img_align_celeba\000738.jpg,celeba,000738.jpg,1,0,1,0,0,0,1,0,0,0,0,1,0,0,0,0,0,0,0,0,0,0,0,0,0,0,0,0,0,0
data\external\celeba\celeba\img_align_celeba\000739.jpg,celeba,000739.jpg,1,1,0,0,0,0,0,0,0,0,0,1,0,0,0,0,0,0,0,0,0,0,0,0,0,0,0,0,0,0
data\external\celeba\celeba\img_align_celeba\000740.jpg,celeba,000740.jpg,1,0,1,0,0,0,0,0,0,0,0,0,0,0,0,0,0,0,0,0,0,0,0,0,0,0,0,0,0,0
data\external\celeba\celeba\img_align_celeba\000741.jpg,celeba,000741.jpg,1,0,1,0,0,0,0,0,1,0,0,1,0,0,0,0,0,0,0,0,0,0,0,0,0,0,0,0,0,0
data\external\celeba\celeba\img_align_celeba\000742.jpg,celeba,000742.jpg,1,0,1,0,0,0,0,0,0,0,0,0,0,1,0,0,0,0,0,0,0,0,0,0,0,0,0,0,0,0
data\external\celeba\celeba\img_align_celeba\000743.jpg,celeba,000743.jpg,1,0,1,0,0,0,1,0,0,0,1,0,0,0,0,0,0,0,0,0,0,0,0,0,0,0,0,0,0,0
data\external\celeba\celeba\img_align_celeba\000744.jpg,celeba,000744.jpg,1,1,0,0,0,0,0,0,0,0,0,0,1,0,0,0,0,0,0,0,0,0,0,0,0,0,0,0,0,0
data\external\celeba\celeba\img_align_celeba\000745.jpg,celeba,000745.jpg,1,1,0,0,0,0,1,0,0,0,0,1,0,0,0,0,0,0,0,0,0,0,0,0,0,0,0,0,0,0
data\external\celeba\celeba\img_align_celeba\000746.jpg,celeba,000746.jpg,1,0,1,0,0,0,0,0,0,0,0,0,0,0,0,0,0,0,0,0,0,0,0,0,0,0,0,0,0,0
data\external\celeba\celeba\img_align_celeba\000747.jpg,celeba,000747.jpg,1,1,0,0,0,0,0,0,0,0,0,0,0,1,0,0,0,0,0,0,0,0,0,0,0,0,0,0,0,0
data\external\celeba\celeba\img_align_celeba\000748.jpg,celeba,000748.jpg,1,0,1,0,0,0,0,0,1,0,0,1,1,0,0,0,0,0,0,0,0,0,0,0,0,0,0,0,0,0
data\external\celeba\celeba\img_align_celeba\000749.jpg,celeba,000749.jpg,1,0,1,0,0,0,0,0,1,0,0,0,0,0,0,0,0,0,0,0,0,0,0,0,0,0,0,1,0,0
data\external\celeba\celeba\img_align_celeba\000750.jpg,celeba,000750.jpg,1,0,1,0,0,0,1,0,0,0,0,0,0,0,0,0,0,0,0,0,0,0,0,0,0,0,0,0,0,0
data\external\celeba\celeba\img_align_celeba\000751.jpg,celeba,000751.jpg,1,0,1,0,0,0,0,1,0,0,1,0,0,0,0,0,0,0,0,0,0,0,0,0,0,0,0,0,0,0
data\external\celeba\celeba\img_align_celeba\000752.jpg,celeba,000752.jpg,1,0,1,0,0,0,0,0,0,0,0,0,0,0,0,0,0,0,0,0,0,0,0,0,0,0,0,1,0,0
data\external\celeba\celeba\img_align_celeba\000753.jpg,celeba,000753.jpg,1,1,0,0,0,0,0,0,0,0,1,0,0,0,0,0,0,0,0,0,0,0,0,0,0,0,0,0,0,0
data\external\celeba\celeba\img_align_celeba\000754.jpg,celeba,000754.jpg,1,0,1,0,0,0,0,0,0,0,0,0,0,0,0,0,0,0,0,0,0,0,0,0,0,0,0,0,0,0
data\external\celeba\celeba\img_align_celeba\000755.jpg,celeba,000755.jpg,1,1,0,0,0,0,0,0,1,0,0,1,0,0,0,0,0,0,0,0,0,0,0,0,0,0,0,0,0,0
data\external\celeba\celeba\img_align_celeba\000756.jpg,celeba,000756.jpg,1,1,0,0,0,0,0,0,1,0,0,0,1,0,0,0,0,0,0,0,0,0,0,0,0,0,0,0,0,0
data\external\celeba\celeba\img_align_celeba\000757.jpg,celeba,000757.jpg,1,1,0,0,0,0,0,0,1,0,1,0,0,0,0,0,0,0,0,0,0,0,0,0,0,0,0,0,0,0
data\external\celeba\celeba\img_align_celeba\000758.jpg,celeba,000758.jpg,1,0,1,0,0,0,1,0,0,0,1,0,0,0,0,0,0,0,0,0,0,0,0,0,0,0,0,0,0,0
data\external\celeba\celeba\img_align_celeba\000759.jpg,celeba,000759.jpg,1,0,1,0,0,0,0,1,0,0,0,1,0,0,0,0,0,0,0,0,0,0,0,0,0,0,0,0,0,0
data\external\celeba\celeba\img_align_celeba\000760.jpg,celeba,000760.jpg,1,0,1,0,0,0,0,0,1,0,0,0,1,0,0,0,0,0,0,0,0,0,0,0,0,0,1,0,0,0
data\external\celeba\celeba\img_align_celeba\000761.jpg,celeba,000761.jpg,1,0,1,0,0,0,0,0,0,0,0,0,0,0,0,0,0,0,0,0,0,0,0,0,0,0,0,0,0,0
data\external\celeba\celeba\img_align_celeba\000762.jpg,celeba,000762.jpg,1,0,1,0,0,0,0,0,0,0,0,0,0,0,0,0,0,0,0,0,0,0,0,0,0,0,0,0,0,0
data\external\celeba\celeba\img_align_celeba\000763.jpg,celeba,000763.jpg,1,0,1,0,0,0,1,0,0,0,0,1,0,0,0,0,0,0,0,0,0,0,0,0,0,0,0,0,0,0
data\external\celeba\celeba\img_align_celeba\000764.jpg,celeba,000764.jpg,1,0,1,0,0,0,1,0,0,0,1,0,0,0,0,0,0,0,0,0,0,0,0,0,0,0,0,0,0,0
data\external\celeba\celeba\img_align_celeba\000765.jpg,celeba,000765.jpg,1,0,1,0,0,0,0,0,0,0,0,0,0,0,0,0,0,0,0,0,0,0,0,0,0,0,0,0,0,0
data\external\celeba\celeba\img_align_celeba\000766.jpg,celeba,000766.jpg,1,0,1,0,0,0,1,0,0,0,1,0,1,0,0,0,0,0,0,0,0,0,0,0,0,0,0,0,0,0
data\external\celeba\celeba\img_align_celeba\000767.jpg,celeba,000767.jpg,1,0,1,0,0,0,0,0,1,0,0,1,0,0,0,0,0,0,0,0,0,0,0,0,0,0,0,0,0,0
data\external\celeba\celeba\img_align_celeba\000768.jpg,celeba,000768.jpg,1,1,0,0,0,0,0,0,0,0,0,0,0,1,0,0,0,0,0,0,0,0,0,0,0,0,0,0,0,0
data\external\celeba\celeba\img_align_celeba\000769.jpg,celeba,000769.jpg,1,0,1,0,0,0,0,0,0,0,0,1,0,0,0,0,0,0,0,0,0,0,0,0,0,0,0,0,0,0
data\external\celeba\celeba\img_align_celeba\000770.jpg,celeba,000770.jpg,1,0,1,0,0,0,0,1,0,0,0,0,0,0,0,0,0,0,0,0,0,0,0,0,0,0,0,1,0,0
data\external\celeba\celeba\img_align_celeba\000771.jpg,celeba,000771.jpg,1,1,0,0,0,0,0,0,0,0,0,0,0,0,0,0,0,0,0,0,0,0,0,0,0,0,0,0,0,0
data\external\celeba\celeba\img_align_celeba\000772.jpg,celeba,000772.jpg,1,0,1,0,0,0,0,0,0,0,0,0,1,0,0,0,0,0,0,0,0,0,0,0,0,0,0,0,0,0
data\external\celeba\celeba\img_align_celeba\000773.jpg,celeba,000773.jpg,1,1,0,0,0,0,1,0,0,0,1,0,0,0,0,0,0,0,0,0,0,0,0,0,0,0,0,0,0,0
data\external\celeba\celeba\img_align_celeba\000774.jpg,celeba,000774.jpg,1,0,1,0,0,0,1,0,0,0,0,1,0,0,0,0,0,0,0,0,0,0,0,0,0,0,0,0,0,0
data\external\celeba\celeba\img_align_celeba\000775.jpg,celeba,000775.jpg,1,1,0,0,0,0,0,0,1,0,1,0,0,0,0,0,0,0,0,0,0,0,0,0,0,0,0,0,0,0
data\external\celeba\celeba\img_align_celeba\000776.jpg,celeba,000776.jpg,1,0,1,0,0,0,0,0,0,0,1,0,0,1,0,0,0,0,0,0,0,0,0,0,0,0,0,0,0,0
data\external\celeba\celeba\img_align_celeba\000777.jpg,celeba,000777.jpg,1,0,1,0,0,0,1,0,0,0,0,1,1,0,0,0,0,0,0,0,0,0,0,0,0,0,0,0,0,0
data\external\celeba\celeba\img_align_celeba\000778.jpg,celeba,000778.jpg,1,1,0,0,0,0,0,0,0,0,0,0,0,0,0,0,0,0,0,0,0,0,0,0,0,0,1,1,0,0
data\external\celeba\celeba\img_align_celeba\000779.jpg,celeba,000779.jpg,1,1,0,0,0,0,0,0,0,1,0,0,0,0,0,0,0,0,0,0,0,0,0,0,0,0,0,0,0,0
data\external\celeba\celeba\img_align_celeba\000780.jpg,celeba,000780.jpg,1,1,0,0,0,0,1,0,0,0,0,0,0,0,0,0,0,0,0,0,0,0,0,0,0,0,0,0,0,0
data\external\celeba\celeba\img_align_celeba\000781.jpg,celeba,000781.jpg,1,0,1,0,0,0,0,0,0,0,0,1,0,0,0,0,0,0,0,0,0,0,0,0,0,0,0,0,0,0
data\external\celeba\celeba\img_align_celeba\000782.jpg,celeba,000782.jpg,1,0,1,0,0,0,0,0,0,0,0,0,0,0,0,0,0,0,0,0,0,0,0,0,0,0,0,0,0,0
data\external\celeba\celeba\img_align_celeba\000783.jpg,celeba,000783.jpg,1,0,1,0,0,0,0,0,0,0,0,1,0,0,0,0,0,0,0,0,0,0,0,0,0,0,0,0,0,0
data\external\celeba\celeba\img_align_celeba\000784.jpg,celeba,000784.jpg,1,1,0,0,0,0,1,0,0,0,0,0,0,1,0,0,0,0,0,0,0,0,0,0,0,0,0,0,0,0
data\external\celeba\celeba\img_align_celeba\000785.jpg,celeba,000785.jpg,1,0,1,0,0,0,1,0,0,0,0,0,0,0,0,0,0,0,0,0,0,0,0,0,0,0,0,0,0,0
data\external\celeba\celeba\img_align_celeba\000786.jpg,celeba,000786.jpg,1,0,1,0,0,0,0,0,1,0,0,1,0,0,0,0,0,0,0,0,0,0,0,0,0,0,0,0,0,0
data\external\celeba\celeba\img_align_celeba\000787.jpg,celeba,000787.jpg,1,0,1,0,0,0,0,1,0,0,0,0,0,0,0,0,0,0,0,0,0,0,0,0,0,0,0,0,0,0
data\external\celeba\celeba\img_align_celeba\000788.jpg,celeba,000788.jpg,1,1,0,0,0,0,0,0,0,0,0,0,0,0,0,0,0,0,0,0,0,0,0,0,0,0,1,0,0,0
data\external\celeba\celeba\img_align_celeba\000789.jpg,celeba,000789.jpg,1,1,0,0,0,0,0,0,0,0,0,0,0,0,0,0,0,0,0,0,0,0,0,0,0,0,0,0,0,0
data\external\celeba\celeba\img_align_celeba\000790.jpg,celeba,000790.jpg,1,1,0,0,0,0,1,0,0,0,0,0,0,0,0,0,0,0,0,0,0,0,0,0,0,0,0,0,0,0
data\external\celeba\celeba\img_align_celeba\000791.jpg,celeba,000791.jpg,1,1,0,0,0,0,0,1,0,0,0,0,0,0,0,0,0,0,0,0,0,0,0,0,0,0,0,0,0,0
data\external\celeba\celeba\img_align_celeba\000792.jpg,celeba,000792.jpg,1,0,1,0,0,0,0,0,1,0,1,0,0,0,0,0,0,0,0,0,0,0,0,0,0,0,0,0,0,0
data\external\celeba\celeba\img_align_celeba\000793.jpg,celeba,000793.jpg,1,0,1,0,0,0,1,0,0,0,0,1,0,0,0,0,0,0,0,0,0,0,0,0,0,0,0,0,0,0
data\external\celeba\celeba\img_align_celeba\000794.jpg,celeba,000794.jpg,1,0,1,0,0,0,0,0,0,0,0,0,0,0,0,0,0,0,0,0,0,0,0,0,0,0,0,0,0,0
data\external\celeba\celeba\img_align_celeba\000795.jpg,celeba,000795.jpg,1,0,1,0,0,0,0,0,0,0,0,0,1,0,0,0,0,0,0,0,0,0,0,0,0,0,0,0,0,0
data\external\celeba\celeba\img_align_celeba\000796.jpg,celeba,000796.jpg,1,0,1,0,0,0,0,0,1,0,0,1,0,0,0,0,0,0,0,0,0,0,0,0,0,0,0,0,0,0
data\external\celeba\celeba\img_align_celeba\000797.jpg,celeba,000797.jpg,1,1,0,0,0,0,0,0,1,0,0,1,0,0,0,0,0,0,0,0,0,0,0,0,0,0,0,0,0,0
data\external\celeba\celeba\img_align_celeba\000798.jpg,celeba,000798.jpg,1,1,0,0,0,0,0,0,0,1,0,0,1,0,0,0,0,0,0,0,0,0,0,0,0,0,1,0,0,0
data\external\celeba\celeba\img_align_celeba\000799.jpg,celeba,000799.jpg,1,0,1,0,0,0,0,0,0,0,0,1,0,0,0,0,0,0,0,0,0,0,0,0,0,0,0,0,0,0
data\external\celeba\celeba\img_align_celeba\000800.jpg,celeba,000800.jpg,1,0,1,0,0,0,0,1,0,0,0,1,0,0,0,0,0,0,0,0,0,0,0,0,0,0,0,0,0,0
data\external\celeba\celeba\img_align_celeba\000801.jpg,celeba,000801.jpg,1,1,0,0,0,0,0,0,0,0,0,1,0,0,0,0,0,0,0,0,0,0,0,0,0,0,0,0,0,0
data\external\celeba\celeba\img_align_celeba\000802.jpg,celeba,000802.jpg,1,0,1,0,0,0,0,0,0,0,0,0,0,0,0,0,0,0,0,0,0,0,0,0,0,0,0,0,0,0
data\external\celeba\celeba\img_align_celeba\000803.jpg,celeba,000803.jpg,1,1,0,0,0,0,0,0,0,0,0,0,0,0,0,0,0,0,0,0,0,0,0,0,0,0,0,0,0,0
data\external\celeba\celeba\img_align_celeba\000804.jpg,celeba,000804.jpg,1,0,1,0,0,0,0,1,0,0,1,0,0,0,0,0,0,0,0,0,0,0,0,0,0,0,0,0,0,0
data\external\celeba\celeba\img_align_celeba\000805.jpg,celeba,000805.jpg,1,0,1,0,0,0,0,0,0,0,1,0,0,0,0,0,0,0,0,0,0,0,0,0,0,0,0,0,0,0
data\external\celeba\celeba\img_align_celeba\000806.jpg,celeba,000806.jpg,1,0,1,0,0,0,0,0,1,0,1,0,0,0,0,0,0,0,0,0,0,0,0,0,0,0,0,0,0,0
data\external\celeba\celeba\img_align_celeba\000807.jpg,celeba,000807.jpg,1,0,1,0,0,0,0,0,1,0,0,0,1,0,0,0,0,0,0,0,0,0,0,0,0,0,0,0,0,0
data\external\celeba\celeba\img_align_celeba\000808.jpg,celeba,000808.jpg,1,1,0,0,0,0,1,0,0,0,0,0,0,1,0,0,0,0,0,0,0,0,0,0,0,0,0,0,0,0
data\external\celeba\celeba\img_align_celeba\000809.jpg,celeba,000809.jpg,1,0,1,0,0,0,0,1,0,0,1,0,0,0,0,0,0,0,0,0,0,0,0,0,0,0,0,0,0,0
data\external\celeba\celeba\img_align_celeba\000810.jpg,celeba,000810.jpg,1,0,1,0,0,0,1,0,0,0,1,0,0,0,0,0,0,0,0,0,0,0,0,0,0,0,0,0,0,0
data\external\celeba\celeba\img_align_celeba\000811.jpg,celeba,000811.jpg,1,0,1,0,0,0,0,0,0,0,0,0,0,0,0,0,0,0,0,0,0,0,0,0,0,0,0,0,0,0
data\external\celeba\celeba\img_align_celeba\000812.jpg,celeba,000812.jpg,1,0,1,0,0,0,0,1,0,0,0,0,0,0,0,0,0,0,0,0,0,0,0,0,0,0,0,0,0,0
data\external\celeba\celeba\img_align_celeba\000813.jpg,celeba,000813.jpg,1,1,0,0,0,0,1,0,0,0,0,0,0,0,0,0,0,0,0,0,0,0,0,0,0,0,0,0,0,0
data\external\celeba\celeba\img_align_celeba\000814.jpg,celeba,000814.jpg,1,0,1,0,0,0,0,0,0,0,0,0,0,1,0,0,0,0,0,0,0,0,0,0,0,0,0,0,0,0
data\external\celeba\celeba\img_align_celeba\000815.jpg,celeba,000815.jpg,1,1,0,0,0,0,1,0,0,0,1,0,0,0,0,0,0,0,0,0,0,0,0,0,0,0,1,0,0,0
data\external\celeba\celeba\img_align_celeba\000816.jpg,celeba,000816.jpg,1,1,0,0,0,0,1,0,0,0,0,0,0,0,0,0,0,0,0,0,0,0,0,0,0,0,0,0,0,0
data\external\celeba\celeba\img_align_celeba\000817.jpg,celeba,000817.jpg,1,0,1,0,0,0,0,0,0,1,0,0,1,0,0,0,0,0,0,0,0,0,0,0,0,0,0,0,0,0
data\external\celeba\celeba\img_align_celeba\000818.jpg,celeba,000818.jpg,1,1,0,0,0,0,0,0,0,1,0,0,0,1,0,0,0,0,0,0,0,0,0,0,0,0,0,0,0,0
data\external\celeba\celeba\img_align_celeba\000819.jpg,celeba,000819.jpg,1,0,1,0,0,0,0,1,0,0,0,0,0,0,0,0,0,0,0,0,0,0,0,0,0,0,0,0,0,0
data\external\celeba\celeba\img_align_celeba\000820.jpg,celeba,000820.jpg,1,0,1,0,0,0,0,0,0,0,0,0,0,0,0,0,0,0,0,0,0,0,0,0,0,0,0,1,0,0
data\external\celeba\celeba\img_align_celeba\000821.jpg,celeba,000821.jpg,1,0,1,0,0,0,0,0,0,0,0,1,1,0,0,0,0,0,0,0,0,0,0,0,0,0,0,0,0,0
data\external\celeba\celeba\img_align_celeba\000822.jpg,celeba,000822.jpg,1,0,1,0,0,0,0,1,0,0,0,0,0,0,0,0,0,0,0,0,0,0,0,0,0,0,0,0,0,0
data\external\celeba\celeba\img_align_celeba\000823.jpg,celeba,000823.jpg,1,0,1,0,0,0,0,0,0,0,0,0,0,1,0,0,0,0,0,0,0,0,0,0,0,0,0,0,0,0
data\external\celeba\celeba\img_align_celeba\000824.jpg,celeba,000824.jpg,1,0,1,0,0,0,0,1,0,0,1,0,0,0,0,0,0,0,0,0,0,0,0,0,0,0,0,0,0,0
data\external\celeba\celeba\img_align_celeba\000825.jpg,celeba,000825.jpg,1,1,0,0,0,0,1,0,0,0,0,0,1,0,0,0,0,0,0,0,0,0,0,0,0,0,0,0,0,0
data\external\celeba\celeba\img_align_celeba\000826.jpg,celeba,000826.jpg,1,1,0,0,0,0,0,0,0,0,1,0,0,0,0,0,0,0,0,0,0,0,0,0,0,0,0,0,0,0
data\external\celeba\celeba\img_align_celeba\000827.jpg,celeba,000827.jpg,1,0,1,0,0,0,0,0,0,0,1,0,0,0,0,0,0,0,0,0,0,0,0,0,0,0,0,0,0,0
data\external\celeba\celeba\img_align_celeba\000828.jpg,celeba,000828.jpg,1,0,1,0,0,0,0,0,1,0,1,0,0,0,0,0,0,0,0,0,0,0,0,0,0,0,0,0,0,0
data\external\celeba\celeba\img_align_celeba\000829.jpg,celeba,000829.jpg,1,1,0,0,0,0,1,0,0,0,1,0,0,0,0,0,0,0,0,0,0,0,0,0,0,0,0,0,0,0
data\external\celeba\celeba\img_align_celeba\000830.jpg,celeba,000830.jpg,1,1,0,0,0,0,1,0,0,0,1,0,0,0,0,0,0,0,0,0,0,0,0,0,0,0,0,1,0,0
data\external\celeba\celeba\img_align_celeba\000831.jpg,celeba,000831.jpg,1,0,1,0,0,0,1,0,0,0,0,1,0,0,0,0,0,0,0,0,0,0,0,0,0,0,0,0,0,0
data\external\celeba\celeba\img_align_celeba\000832.jpg,celeba,000832.jpg,1,0,1,0,0,0,0,0,0,0,0,0,0,0,0,0,0,0,0,0,0,0,0,0,0,0,0,0,0,0
data\external\celeba\celeba\img_align_celeba\000833.jpg,celeba,000833.jpg,1,1,0,0,0,0,0,0,0,0,0,0,0,0,0,0,0,0,0,0,0,0,0,0,0,0,0,0,0,0
data\external\celeba\celeba\img_align_celeba\000834.jpg,celeba,000834.jpg,1,0,1,0,0,0,0,0,1,0,0,0,0,0,0,0,0,0,0,0,0,0,0,0,0,0,0,0,0,0
data\external\celeba\celeba\img_align_celeba\000835.jpg,celeba,000835.jpg,1,0,1,0,0,0,0,1,0,0,0,1,0,0,0,0,0,0,0,0,0,0,0,0,0,0,0,0,0,0
data\external\celeba\celeba\img_align_celeba\000836.jpg,celeba,000836.jpg,1,1,0,0,0,0,0,0,0,0,0,0,0,0,0,0,0,0,0,0,0,0,0,0,0,0,0,0,0,0
data\external\celeba\celeba\img_align_celeba\000837.jpg,celeba,000837.jpg,1,0,1,0,0,0,0,1,0,0,0,1,1,0,0,0,0,0,0,0,0,0,0,0,0,0,0,0,0,0
data\external\celeba\celeba\img_align_celeba\000838.jpg,celeba,000838.jpg,1,1,0,0,0,0,0,0,0,0,1,0,1,0,0,0,0,0,0,0,0,0,0,0,0,0,0,0,0,0
data\external\celeba\celeba\img_align_celeba\000839.jpg,celeba,000839.jpg,1,0,1,0,0,0,0,0,0,0,0,1,0,0,0,0,0,0,0,0,0,0,0,0,0,0,0,0,0,0
data\external\celeba\celeba\img_align_celeba\000840.jpg,celeba,000840.jpg,1,0,1,0,0,0,0,0,0,0,0,1,0,1,0,0,0,0,0,0,0,0,0,0,0,0,0,0,0,0
data\external\celeba\celeba\img_align_celeba\000841.jpg,celeba,000841.jpg,1,1,0,0,0,0,1,0,0,0,0,0,1,0,0,0,0,0,0,0,0,0,0,0,0,0,0,0,0,0
data\external\celeba\celeba\img_align_celeba\000842.jpg,celeba,000842.jpg,1,1,0,0,0,0,0,0,0,0,0,0,0,0,0,0,0,0,0,0,0,0,0,0,0,0,0,0,0,0
data\external\celeba\celeba\img_align_celeba\000843.jpg,celeba,000843.jpg,1,1,0,0,0,0,0,0,0,0,0,0,0,0,0,0,0,0,0,0,0,0,0,0,0,0,0,0,0,0
data\external\celeba\celeba\img_align_celeba\000844.jpg,celeba,000844.jpg,1,1,0,0,0,0,1,0,0,0,1,0,0,0,0,0,0,0,0,0,0,0,0,0,0,0,0,0,0,0
data\external\celeba\celeba\img_align_celeba\000845.jpg,celeba,000845.jpg,1,1,0,0,0,0,0,0,0,0,0,0,0,0,0,0,0,0,0,0,0,0,0,0,0,0,0,1,0,0
data\external\celeba\celeba\img_align_celeba\000846.jpg,celeba,000846.jpg,1,1,0,0,0,1,0,0,0,0,0,0,0,1,0,0,0,0,0,0,0,0,0,0,0,0,0,0,0,0
data\external\celeba\celeba\img_align_celeba\000847.jpg,celeba,000847.jpg,1,0,1,0,0,0,1,0,0,0,0,0,1,0,0,0,0,0,0,0,0,0,0,0,0,0,0,0,0,0
data\external\celeba\celeba\img_align_celeba\000848.jpg,celeba,000848.jpg,1,1,0,0,0,0,1,0,0,0,1,0,0,0,0,0,0,0,0,0,0,0,0,0,0,0,0,0,0,0
data\external\celeba\celeba\img_align_celeba\000849.jpg,celeba,000849.jpg,1,0,1,0,0,0,0,0,0,0,0,0,0,0,0,0,0,0,0,0,0,0,0,0,0,0,0,0,0,0
data\external\celeba\celeba\img_align_celeba\000850.jpg,celeba,000850.jpg,1,1,0,0,0,0,0,0,0,0,0,0,1,0,0,0,0,0,0,0,0,0,0,0,0,0,0,0,0,0
data\external\celeba\celeba\img_align_celeba\000851.jpg,celeba,000851.jpg,1,1,0,0,0,0,0,0,0,1,0,0,0,1,0,0,0,0,0,0,0,0,0,0,0,0,0,0,0,0
data\external\celeba\celeba\img_align_celeba\000852.jpg,celeba,000852.jpg,1,0,1,0,0,0,0,0,0,0,0,0,0,0,0,0,0,0,0,0,0,0,0,0,0,0,0,0,0,0
data\external\celeba\celeba\img_align_celeba\000853.jpg,celeba,000853.jpg,1,1,0,0,0,0,0,0,0,1,1,0,0,1,0,0,0,0,0,0,0,0,0,0,0,0,0,0,0,0
data\external\celeba\celeba\img_align_celeba\000854.jpg,celeba,000854.jpg,1,0,1,0,0,0,0,0,0,0,1,0,0,0,0,0,0,0,0,0,0,0,0,0,0,0,0,0,0,0
data\external\celeba\celeba\img_align_celeba\000855.jpg,celeba,000855.jpg,1,1,0,0,0,0,0,0,1,0,0,1,0,0,0,0,0,0,0,0,0,0,0,0,0,0,0,0,0,0
data\external\celeba\celeba\img_align_celeba\000856.jpg,celeba,000856.jpg,1,0,1,0,0,0,0,1,0,0,0,1,1,0,0,0,0,0,0,0,0,0,0,0,0,0,0,0,0,0
data\external\celeba\celeba\img_align_celeba\000857.jpg,celeba,000857.jpg,1,0,1,0,0,0,0,1,0,0,0,1,1,0,0,0,0,0,0,0,0,0,0,0,0,0,0,0,0,0
data\external\celeba\celeba\img_align_celeba\000858.jpg,celeba,000858.jpg,1,1,0,0,0,0,0,0,0,0,0,0,0,0,0,0,0,0,0,0,0,0,0,0,0,0,0,0,0,0
data\external\celeba\celeba\img_align_celeba\000859.jpg,celeba,000859.jpg,1,1,0,0,0,0,1,0,0,0,1,0,0,0,0,0,0,0,0,0,0,0,0,0,0,0,0,0,0,0
data\external\celeba\celeba\img_align_celeba\000860.jpg,celeba,000860.jpg,1,1,0,0,0,0,1,0,0,0,0,0,0,0,0,0,0,0,0,0,0,0,0,0,0,0,0,0,0,0
data\external\celeba\celeba\img_align_celeba\000861.jpg,celeba,000861.jpg,1,1,0,0,0,0,0,0,0,0,0,1,0,0,0,0,0,0,0,0,0,0,0,0,0,0,0,0,0,0
data\external\celeba\celeba\img_align_celeba\000862.jpg,celeba,000862.jpg,1,0,1,0,0,0,0,0,1,0,0,1,0,0,0,0,0,0,0,0,0,0,0,0,0,0,0,1,0,0
data\external\celeba\celeba\img_align_celeba\000863.jpg,celeba,000863.jpg,1,0,1,0,0,0,0,1,0,0,0,0,0,0,0,0,0,0,0,0,0,0,0,0,0,0,0,0,0,0
data\external\celeba\celeba\img_align_celeba\000864.jpg,celeba,000864.jpg,1,0,1,0,0,0,0,0,0,0,0,0,0,0,0,0,0,0,0,0,0,0,0,0,0,0,0,0,0,0
data\external\celeba\celeba\img_align_celeba\000865.jpg,celeba,000865.jpg,1,0,1,0,0,0,0,0,1,0,0,1,0,0,0,0,0,0,0,0,0,0,0,0,0,0,0,0,0,0
data\external\celeba\celeba\img_align_celeba\000866.jpg,celeba,000866.jpg,1,0,1,0,0,0,0,0,0,0,0,0,0,0,0,0,0,0,0,0,0,0,0,0,0,0,0,0,0,0
data\external\celeba\celeba\img_align_celeba\000867.jpg,celeba,000867.jpg,1,0,1,0,0,0,0,0,0,1,0,0,0,0,0,0,0,0,0,0,0,0,0,0,0,0,0,0,0,0
data\external\celeba\celeba\img_align_celeba\000868.jpg,celeba,000868.jpg,1,0,1,0,0,0,0,0,0,0,0,1,0,0,0,0,0,0,0,0,0,0,0,0,0,0,0,0,0,0
data\external\celeba\celeba\img_align_celeba\000869.jpg,celeba,000869.jpg,1,0,1,0,0,0,0,0,0,0,0,1,0,0,0,0,0,0,0,0,0,0,0,0,0,0,0,0,0,0
data\external\celeba\celeba\img_align_celeba\000870.jpg,celeba,000870.jpg,1,0,1,0,0,0,1,0,0,0,0,1,0,0,0,0,0,0,0,0,0,0,0,0,0,0,0,0,0,0
data\external\celeba\celeba\img_align_celeba\000871.jpg,celeba,000871.jpg,1,0,1,0,0,0,0,1,0,0,0,1,0,0,0,0,0,0,0,0,0,0,0,0,0,0,0,0,0,0
data\external\celeba\celeba\img_align_celeba\000872.jpg,celeba,000872.jpg,1,0,1,0,0,0,0,1,0,0,1,0,0,0,0,0,0,0,0,0,0,0,0,0,0,0,0,0,0,0
data\external\celeba\celeba\img_align_celeba\000873.jpg,celeba,000873.jpg,1,1,0,0,0,0,0,0,0,0,0,0,0,0,0,0,0,0,0,0,0,0,0,0,0,0,0,0,0,0
data\external\celeba\celeba\img_align_celeba\000874.jpg,celeba,000874.jpg,1,0,1,0,0,0,0,0,1,0,1,0,0,0,0,0,0,0,0,0,0,0,0,0,0,0,0,0,0,0
data\external\celeba\celeba\img_align_celeba\000875.jpg,celeba,000875.jpg,1,1,0,0,0,0,1,0,0,0,1,0,0,0,0,0,0,0,0,0,0,0,0,0,0,0,0,0,0,0
data\external\celeba\celeba\img_align_celeba\000876.jpg,celeba,000876.jpg,1,0,1,0,0,0,0,0,1,0,0,1,0,0,0,0,0,0,0,0,0,0,0,0,0,0,0,0,0,0
data\external\celeba\celeba\img_align_celeba\000877.jpg,celeba,000877.jpg,1,0,1,0,0,0,0,0,1,0,0,1,0,0,0,0,0,0,0,0,0,0,0,0,0,0,0,0,0,0
data\external\celeba\celeba\img_align_celeba\000878.jpg,celeba,000878.jpg,1,0,1,0,0,0,1,0,0,0,0,1,0,0,0,0,0,0,0,0,0,0,0,0,0,0,0,0,0,0
data\external\celeba\celeba\img_align_celeba\000879.jpg,celeba,000879.jpg,1,1,0,0,0,0,1,0,0,0,1,0,0,0,0,0,0,0,0,0,0,0,0,0,0,0,0,0,0,0
data\external\celeba\celeba\img_align_celeba\000880.jpg,celeba,000880.jpg,1,0,1,0,0,0,0,0,0,0,0,0,0,0,0,0,0,0,0,0,0,0,0,0,0,0,0,0,0,0
data\external\celeba\celeba\img_align_celeba\000881.jpg,celeba,000881.jpg,1,1,0,0,0,0,0,0,0,0,0,0,0,0,0,0,0,0,0,0,0,0,0,0,0,0,0,0,0,0
data\external\celeba\celeba\img_align_celeba\000882.jpg,celeba,000882.jpg,1,0,1,0,0,0,0,0,0,0,0,0,0,0,0,0,0,0,0,0,0,0,0,0,0,0,0,0,0,0
data\external\celeba\celeba\img_align_celeba\000883.jpg,celeba,000883.jpg,1,0,1,0,0,0,1,0,0,0,0,1,1,0,0,0,0,0,0,0,0,0,0,0,0,0,0,0,0,0
data\external\celeba\celeba\img_align_celeba\000884.jpg,celeba,000884.jpg,1,0,1,0,0,0,0,0,0,0,0,1,1,0,0,0,0,0,0,0,0,0,0,0,0,0,0,0,0,0
data\external\celeba\celeba\img_align_celeba\000885.jpg,celeba,000885.jpg,1,1,0,0,0,0,1,0,0,0,1,0,0,0,0,0,0,0,0,0,0,0,0,0,0,0,0,0,0,0
data\external\celeba\celeba\img_align_celeba\000886.jpg,celeba,000886.jpg,1,1,0,0,0,0,0,0,0,0,0,0,0,0,0,0,0,0,0,0,0,0,0,0,0,0,0,0,0,0
data\external\celeba\celeba\img_align_celeba\000887.jpg,celeba,000887.jpg,1,0,1,0,0,0,0,0,0,0,0,0,0,0,0,0,0,0,0,0,0,0,0,0,0,0,0,0,0,0
data\external\celeba\celeba\img_align_celeba\000888.jpg,celeba,000888.jpg,1,1,0,0,0,0,0,0,0,0,0,0,0,1,0,0,0,0,0,0,0,0,0,0,0,0,0,0,0,0
data\external\celeba\celeba\img_align_celeba\000889.jpg,celeba,000889.jpg,1,1,0,0,0,0,1,0,0,0,0,0,0,0,0,0,0,0,0,0,0,0,0,0,0,0,0,0,0,0
data\external\celeba\celeba\img_align_celeba\000890.jpg,celeba,000890.jpg,1,0,1,0,0,0,0,0,1,0,0,1,0,0,0,0,0,0,0,0,0,0,0,0,0,0,0,0,0,0
data\external\celeba\celeba\img_align_celeba\000891.jpg,celeba,000891.jpg,1,0,1,0,0,0,0,0,0,1,0,1,0,1,0,0,0,0,0,0,0,0,0,0,0,0,0,0,0,0
data\external\celeba\celeba\img_align_celeba\000892.jpg,celeba,000892.jpg,1,1,0,0,0,0,0,0,1,0,1,0,0,0,0,0,0,0,0,0,0,0,0,0,0,0,0,0,0,0
data\external\celeba\celeba\img_align_celeba\000893.jpg,celeba,000893.jpg,1,0,1,0,0,0,0,0,0,0,0,1,1,0,0,0,0,0,0,0,0,0,0,0,0,0,0,0,0,0
data\external\celeba\celeba\img_align_celeba\000894.jpg,celeba,000894.jpg,1,0,1,0,0,0,0,1,0,0,0,1,1,0,0,0,0,0,0,0,0,0,0,0,0,0,0,0,0,0
data\external\celeba\celeba\img_align_celeba\000895.jpg,celeba,000895.jpg,1,0,1,0,0,0,0,1,0,0,0,1,0,0,0,0,0,0,0,0,0,0,0,0,0,0,0,0,0,0
data\external\celeba\celeba\img_align_celeba\000896.jpg,celeba,000896.jpg,1,0,1,0,0,0,0,0,1,0,0,1,0,0,0,0,0,0,0,0,0,0,0,0,0,0,0,0,0,0
data\external\celeba\celeba\img_align_celeba\000897.jpg,celeba,000897.jpg,1,0,1,0,0,0,0,0,0,0,1,0,0,0,0,0,0,0,0,0,0,0,0,0,0,0,0,0,0,0
data\external\celeba\celeba\img_align_celeba\000898.jpg,celeba,000898.jpg,1,1,0,0,0,0,0,0,0,0,1,0,0,0,0,0,0,0,0,0,0,0,0,0,0,0,0,0,0,0
data\external\celeba\celeba\img_align_celeba\000899.jpg,celeba,000899.jpg,1,0,1,0,0,0,0,0,0,1,0,0,1,0,0,0,0,0,0,0,0,0,0,0,0,0,0,0,0,0
data\external\celeba\celeba\img_align_celeba\000900.jpg,celeba,000900.jpg,1,0,1,0,0,0,0,0,0,0,1,0,0,0,0,0,0,0,0,0,0,0,0,0,0,0,0,0,0,0
data\external\celeba\celeba\img_align_celeba\000901.jpg,celeba,000901.jpg,1,0,1,0,0,0,0,0,0,0,0,1,0,0,0,0,0,0,0,0,0,0,0,0,0,0,0,0,0,0
data\external\celeba\celeba\img_align_celeba\000902.jpg,celeba,000902.jpg,1,1,0,0,0,1,0,0,0,0,0,0,0,0,0,0,0,0,0,0,0,0,0,0,0,0,1,0,0,0
data\external\celeba\celeba\img_align_celeba\000903.jpg,celeba,000903.jpg,1,1,0,0,0,0,0,0,0,1,0,0,0,0,0,0,0,0,0,0,0,0,0,0,0,0,0,0,0,0
data\external\celeba\celeba\img_align_celeba\000904.jpg,celeba,000904.jpg,1,1,0,0,0,0,0,0,0,0,0,0,0,0,0,0,0,0,0,0,0,0,0,0,0,0,1,0,0,0
data\external\celeba\celeba\img_align_celeba\000905.jpg,celeba,000905.jpg,1,1,0,0,0,1,0,0,0,0,0,0,0,0,0,0,0,0,0,0,0,0,0,0,0,0,0,0,0,0
data\external\celeba\celeba\img_align_celeba\000906.jpg,celeba,000906.jpg,1,1,0,0,0,0,0,0,0,0,1,0,0,0,0,0,0,0,0,0,0,0,0,0,0,0,0,0,0,0
data\external\celeba\celeba\img_align_celeba\000907.jpg,celeba,000907.jpg,1,1,0,0,0,1,0,0,0,0,0,0,0,1,0,0,0,0,0,0,0,0,0,0,0,0,1,0,0,0
data\external\celeba\celeba\img_align_celeba\000908.jpg,celeba,000908.jpg,1,1,0,0,0,0,1,0,0,0,0,0,0,0,0,0,0,0,0,0,0,0,0,0,0,0,0,0,0,0
data\external\celeba\celeba\img_align_celeba\000909.jpg,celeba,000909.jpg,1,0,1,0,0,0,0,0,1,0,0,1,0,0,0,0,0,0,0,0,0,0,0,0,0,0,0,0,0,0
data\external\celeba\celeba\img_align_celeba\000910.jpg,celeba,000910.jpg,1,0,1,0,0,0,0,0,0,0,0,1,0,0,0,0,0,0,0,0,0,0,0,0,0,0,0,0,0,0
data\external\celeba\celeba\img_align_celeba\000911.jpg,celeba,000911.jpg,1,1,0,0,0,0,0,0,0,1,0,1,0,0,0,0,0,0,0,0,0,0,0,0,0,0,1,0,0,0
data\external\celeba\celeba\img_align_celeba\000912.jpg,celeba,000912.jpg,1,0,1,0,0,0,0,0,0,0,0,0,0,1,0,0,0,0,0,0,0,0,0,0,0,0,0,0,0,0
data\external\celeba\celeba\img_align_celeba\000913.jpg,celeba,000913.jpg,1,1,0,0,0,0,0,0,1,0,0,1,1,0,0,0,0,0,0,0,0,0,0,0,0,0,0,0,0,0
data\external\celeba\celeba\img_align_celeba\000914.jpg,celeba,000914.jpg,1,0,1,0,0,0,1,0,0,0,0,0,0,0,0,0,0,0,0,0,0,0,0,0,0,0,0,0,0,0
data\external\celeba\celeba\img_align_celeba\000915.jpg,celeba,000915.jpg,1,1,0,0,0,0,0,0,0,1,0,0,0,0,0,0,0,0,0,0,0,0,0,0,0,0,0,0,0,0
data\external\celeba\celeba\img_align_celeba\000916.jpg,celeba,000916.jpg,1,0,1,0,0,0,0,0,0,0,0,0,0,0,0,0,0,0,0,0,0,0,0,0,0,0,0,0,0,0
data\external\celeba\celeba\img_align_celeba\000917.jpg,celeba,000917.jpg,1,0,1,0,0,0,0,1,0,0,1,0,1,0,0,0,0,0,0,0,0,0,0,0,0,0,0,0,0,0
data\external\celeba\celeba\img_align_celeba\000918.jpg,celeba,000918.jpg,1,0,1,0,0,0,0,1,0,0,0,0,0,0,0,0,0,0,0,0,0,0,0,0,0,0,0,0,0,0
data\external\celeba\celeba\img_align_celeba\000919.jpg,celeba,000919.jpg,1,0,1,0,0,0,0,0,1,0,0,0,0,0,0,0,0,0,0,0,0,0,0,0,0,0,0,0,0,0
data\external\celeba\celeba\img_align_celeba\000920.jpg,celeba,000920.jpg,1,0,1,0,0,0,0,0,1,0,0,1,0,0,0,0,0,0,0,0,0,0,0,0,0,0,0,0,0,0
data\external\celeba\celeba\img_align_celeba\000921.jpg,celeba,000921.jpg,1,0,1,0,0,0,0,0,0,0,0,0,0,1,0,0,0,0,0,0,0,0,0,0,0,0,0,0,0,0
data\external\celeba\celeba\img_align_celeba\000922.jpg,celeba,000922.jpg,1,0,1,0,0,0,1,0,0,0,0,1,0,0,0,0,0,0,0,0,0,0,0,0,0,0,0,0,0,0
data\external\celeba\celeba\img_align_celeba\000923.jpg,celeba,000923.jpg,1,1,0,0,0,0,0,0,0,0,0,0,0,1,0,0,0,0,0,0,0,0,0,0,0,0,0,0,0,0
data\external\celeba\celeba\img_align_celeba\000924.jpg,celeba,000924.jpg,1,0,1,0,0,0,0,0,1,0,0,1,0,0,0,0,0,0,0,0,0,0,0,0,0,0,0,0,0,0
data\external\celeba\celeba\img_align_celeba\000925.jpg,celeba,000925.jpg,1,0,1,0,0,0,0,0,0,0,0,1,0,0,0,0,0,0,0,0,0,0,0,0,0,0,0,0,0,0
data\external\celeba\celeba\img_align_celeba\000926.jpg,celeba,000926.jpg,1,1,0,0,0,1,0,0,0,0,0,0,0,0,0,0,0,0,0,0,0,0,0,0,0,0,1,0,0,0
data\external\celeba\celeba\img_align_celeba\000927.jpg,celeba,000927.jpg,1,0,1,0,0,0,1,0,0,0,0,1,0,0,0,0,0,0,0,0,0,0,0,0,0,0,0,0,0,0
data\external\celeba\celeba\img_align_celeba\000928.jpg,celeba,000928.jpg,1,1,0,0,0,0,0,0,1,0,0,1,1,0,0,0,0,0,0,0,0,0,0,0,0,0,0,0,0,0
data\external\celeba\celeba\img_align_celeba\000929.jpg,celeba,000929.jpg,1,0,1,0,0,0,1,0,0,0,0,1,0,0,0,0,0,0,0,0,0,0,0,0,0,0,0,0,0,0
data\external\celeba\celeba\img_align_celeba\000930.jpg,celeba,000930.jpg,1,1,0,0,0,0,0,0,1,0,0,1,0,0,0,0,0,0,0,0,0,0,0,0,0,0,1,0,0,0
data\external\celeba\celeba\img_align_celeba\000931.jpg,celeba,000931.jpg,1,1,0,0,0,0,1,0,0,0,0,0,0,0,0,0,0,0,0,0,0,0,0,0,0,0,0,0,0,0
data\external\celeba\celeba\img_align_celeba\000932.jpg,celeba,000932.jpg,1,0,1,0,0,0,0,0,1,0,0,0,1,0,0,0,0,0,0,0,0,0,0,0,0,0,0,0,0,0
data\external\celeba\celeba\img_align_celeba\000933.jpg,celeba,000933.jpg,1,1,0,0,0,0,0,0,0,0,0,0,0,0,0,0,0,0,0,0,0,0,0,0,0,0,0,1,0,0
data\external\celeba\celeba\img_align_celeba\000934.jpg,celeba,000934.jpg,1,0,1,0,0,0,0,0,0,0,1,0,0,0,0,0,0,0,0,0,0,0,0,0,0,0,0,0,0,0
data\external\celeba\celeba\img_align_celeba\000935.jpg,celeba,000935.jpg,1,1,0,0,0,0,0,0,1,0,1,0,0,0,0,0,0,0,0,0,0,0,0,0,0,0,1,0,0,0
data\external\celeba\celeba\img_align_celeba\000936.jpg,celeba,000936.jpg,1,0,1,0,0,0,1,0,0,0,1,0,1,0,0,0,0,0,0,0,0,0,0,0,0,0,0,0,0,0
data\external\celeba\celeba\img_align_celeba\000937.jpg,celeba,000937.jpg,1,0,1,0,0,0,0,0,1,0,0,0,0,1,0,0,0,0,0,0,0,0,0,0,0,0,0,0,0,0
data\external\celeba\celeba\img_align_celeba\000938.jpg,celeba,000938.jpg,1,1,0,0,0,1,0,0,0,0,0,0,0,0,0,0,0,0,0,0,0,0,0,0,0,0,1,0,0,0
data\external\celeba\celeba\img_align_celeba\000939.jpg,celeba,000939.jpg,1,0,1,0,0,0,0,1,0,0,0,1,0,0,0,0,0,0,0,0,0,0,0,0,0,0,0,0,0,0
data\external\celeba\celeba\img_align_celeba\000940.jpg,celeba,000940.jpg,1,0,1,0,0,0,0,0,0,0,0,1,0,0,0,0,0,0,0,0,0,0,0,0,0,0,0,0,0,0
data\external\celeba\celeba\img_align_celeba\000941.jpg,celeba,000941.jpg,1,0,1,0,0,0,0,1,0,0,0,0,1,0,0,0,0,0,0,0,0,0,0,0,0,0,0,0,0,0
data\external\celeba\celeba\img_align_celeba\000942.jpg,celeba,000942.jpg,1,0,1,0,0,0,0,0,1,0,0,0,0,0,0,0,0,0,0,0,0,0,0,0,0,0,0,0,0,0
data\external\celeba\celeba\img_align_celeba\000943.jpg,celeba,000943.jpg,1,0,1,0,0,0,0,1,0,0,0,1,0,0,0,0,0,0,0,0,0,0,0,0,0,0,0,0,0,0
data\external\celeba\celeba\img_align_celeba\000944.jpg,celeba,000944.jpg,1,1,0,0,0,0,0,0,0,0,0,0,0,1,0,0,0,0,0,0,0,0,0,0,0,0,1,0,0,0
data\external\celeba\celeba\img_align_celeba\000945.jpg,celeba,000945.jpg,1,0,1,0,0,0,0,1,0,0,0,0,0,0,0,0,0,0,0,0,0,0,0,0,0,0,0,0,0,0
data\external\celeba\celeba\img_align_celeba\000946.jpg,celeba,000946.jpg,1,1,0,0,0,0,0,0,1,0,1,0,0,0,0,0,0,0,0,0,0,0,0,0,0,0,0,0,0,0
data\external\celeba\celeba\img_align_celeba\000947.jpg,celeba,000947.jpg,1,0,1,0,0,0,0,1,0,0,0,0,0,0,0,0,0,0,0,0,0,0,0,0,0,0,0,0,0,0
data\external\celeba\celeba\img_align_celeba\000948.jpg,celeba,000948.jpg,1,0,1,0,0,0,0,1,0,0,1,0,0,0,0,0,0,0,0,0,0,0,0,0,0,0,0,0,0,0
data\external\celeba\celeba\img_align_celeba\000949.jpg,celeba,000949.jpg,1,0,1,0,0,0,0,0,0,0,0,0,1,0,0,0,0,0,0,0,0,0,0,0,0,0,0,0,0,0
data\external\celeba\celeba\img_align_celeba\000950.jpg,celeba,000950.jpg,1,0,1,0,0,0,0,1,0,0,0,0,1,0,0,0,0,0,0,0,0,0,0,0,0,0,0,0,0,0
data\external\celeba\celeba\img_align_celeba\000951.jpg,celeba,000951.jpg,1,1,0,0,0,0,0,0,0,0,0,0,0,0,0,0,0,0,0,0,0,0,0,0,0,0,1,0,0,0
data\external\celeba\celeba\img_align_celeba\000952.jpg,celeba,000952.jpg,1,0,1,0,0,0,0,0,0,0,0,0,1,0,0,0,0,0,0,0,0,0,0,0,0,0,0,0,0,0
data\external\celeba\celeba\img_align_celeba\000953.jpg,celeba,000953.jpg,1,1,0,0,0,0,0,0,0,0,0,0,0,0,0,0,0,0,0,0,0,0,0,0,0,0,0,0,0,0
data\external\celeba\celeba\img_align_celeba\000954.jpg,celeba,000954.jpg,1,1,0,0,0,0,1,0,0,0,1,0,0,0,0,0,0,0,0,0,0,0,0,0,0,0,0,0,0,0
data\external\celeba\celeba\img_align_celeba\000955.jpg,celeba,000955.jpg,1,0,1,0,0,0,0,1,0,0,0,1,1,0,0,0,0,0,0,0,0,0,0,0,0,0,0,0,0,0
data\external\celeba\celeba\img_align_celeba\000956.jpg,celeba,000956.jpg,1,0,1,0,0,0,0,0,1,0,1,0,0,0,0,0,0,0,0,0,0,0,0,0,0,0,0,0,0,0
data\external\celeba\celeba\img_align_celeba\000957.jpg,celeba,000957.jpg,1,1,0,0,0,0,0,0,0,0,0,0,0,0,0,0,0,0,0,0,0,0,0,0,0,0,0,0,0,0
data\external\celeba\celeba\img_align_celeba\000958.jpg,celeba,000958.jpg,1,1,0,0,0,0,0,0,0,1,0,0,0,1,0,0,0,0,0,0,0,0,0,0,0,0,1,0,0,0
data\external\celeba\celeba\img_align_celeba\000959.jpg,celeba,000959.jpg,1,1,0,0,0,0,0,0,0,0,0,0,0,0,0,0,0,0,0,0,0,0,0,0,0,0,0,1,0,0
data\external\celeba\celeba\img_align_celeba\000960.jpg,celeba,000960.jpg,1,1,0,0,0,0,0,0,1,0,0,0,1,0,0,0,0,0,0,0,0,0,0,0,0,0,0,0,0,0
data\external\celeba\celeba\img_align_celeba\000961.jpg,celeba,000961.jpg,1,0,1,0,0,0,0,0,0,0,0,0,0,1,0,0,0,0,0,0,0,0,0,0,0,0,0,0,0,0
data\external\celeba\celeba\img_align_celeba\000962.jpg,celeba,000962.jpg,1,1,0,0,0,0,1,0,0,0,0,1,0,0,0,0,0,0,0,0,0,0,0,0,0,0,0,0,0,0
data\external\celeba\celeba\img_align_celeba\000963.jpg,celeba,000963.jpg,1,0,1,0,0,0,1,0,0,0,0,0,0,0,0,0,0,0,0,0,0,0,0,0,0,0,0,0,0,0
data\external\celeba\celeba\img_align_celeba\000964.jpg,celeba,000964.jpg,1,1,0,0,0,0,0,0,0,0,0,1,0,0,0,0,0,0,0,0,0,0,0,0,0,0,0,0,0,0
data\external\celeba\celeba\img_align_celeba\000965.jpg,celeba,000965.jpg,1,0,1,0,0,0,0,0,0,0,0,0,1,0,0,0,0,0,0,0,0,0,0,0,0,0,0,0,0,0
data\external\celeba\celeba\img_align_celeba\000966.jpg,celeba,000966.jpg,1,1,0,0,0,0,1,0,0,0,1,0,0,0,0,0,0,0,0,0,0,0,0,0,0,0,0,0,0,0
data\external\celeba\celeba\img_align_celeba\000967.jpg,celeba,000967.jpg,1,0,1,0,0,0,0,0,0,0,0,0,0,0,0,0,0,0,0,0,0,0,0,0,0,0,0,0,0,0
data\external\celeba\celeba\img_align_celeba\000968.jpg,celeba,000968.jpg,1,0,1,0,0,0,0,0,1,0,0,0,1,0,0,0,0,0,0,0,0,0,0,0,0,0,0,0,0,0
data\external\celeba\celeba\img_align_celeba\000969.jpg,celeba,000969.jpg,1,1,0,0,0,1,0,0,0,0,0,0,0,1,0,0,0,0,0,0,0,0,0,0,0,0,0,0,0,0
data\external\celeba\celeba\img_align_celeba\000970.jpg,celeba,000970.jpg,1,0,1,0,0,0,0,1,0,0,0,0,1,0,0,0,0,0,0,0,0,0,0,0,0,0,0,0,0,0
data\external\celeba\celeba\img_align_celeba\000971.jpg,celeba,000971.jpg,1,1,0,0,0,0,0,0,0,0,0,0,0,0,0,0,0,0,0,0,0,0,0,0,0,0,0,0,0,0
data\external\celeba\celeba\img_align_celeba\000972.jpg,celeba,000972.jpg,1,1,0,0,0,0,1,0,0,0,0,0,0,0,0,0,0,0,0,0,0,0,0,0,0,0,0,0,0,0
data\external\celeba\celeba\img_align_celeba\000973.jpg,celeba,000973.jpg,1,1,0,0,0,0,0,0,0,0,1,0,0,0,0,0,0,0,0,0,0,0,0,0,0,0,0,0,0,0
data\external\celeba\celeba\img_align_celeba\000974.jpg,celeba,000974.jpg,1,0,1,0,0,0,0,0,0,1,0,0,0,0,0,0,0,0,0,0,0,0,0,0,0,0,0,0,0,0
data\external\celeba\celeba\img_align_celeba\000975.jpg,celeba,000975.jpg,1,1,0,0,0,0,0,0,1,0,0,0,0,0,0,0,0,0,0,0,0,0,0,0,0,0,0,0,0,0
data\external\celeba\celeba\img_align_celeba\000976.jpg,celeba,000976.jpg,1,0,1,0,0,0,0,1,0,0,0,0,0,0,0,0,0,0,0,0,0,0,0,0,0,0,0,0,0,0
data\external\celeba\celeba\img_align_celeba\000977.jpg,celeba,000977.jpg,1,1,0,0,0,0,0,0,1,0,0,0,0,0,0,0,0,0,0,0,0,0,0,0,0,0,0,0,0,0
data\external\celeba\celeba\img_align_celeba\000978.jpg,celeba,000978.jpg,1,1,0,0,0,0,0,0,0,0,0,0,0,0,0,0,0,0,0,0,0,0,0,0,0,0,0,0,0,0
data\external\celeba\celeba\img_align_celeba\000979.jpg,celeba,000979.jpg,1,1,0,0,0,0,1,0,0,0,0,0,0,0,0,0,0,0,0,0,0,0,0,0,0,0,0,0,0,0
data\external\celeba\celeba\img_align_celeba\000980.jpg,celeba,000980.jpg,1,0,1,0,0,0,0,1,0,0,0,1,0,0,0,0,0,0,0,0,0,0,0,0,0,0,0,0,0,0
data\external\celeba\celeba\img_align_celeba\000981.jpg,celeba,000981.jpg,1,0,1,0,0,0,0,0,0,0,0,0,0,0,0,0,0,0,0,0,0,0,0,0,0,0,0,0,0,0
data\external\celeba\celeba\img_align_celeba\000982.jpg,celeba,000982.jpg,1,0,1,0,0,0,0,1,0,0,0,1,0,0,0,0,0,0,0,0,0,0,0,0,0,0,0,0,0,0
data\external\celeba\celeba\img_align_celeba\000983.jpg,celeba,000983.jpg,1,1,0,0,0,0,1,0,0,0,1,0,0,0,0,0,0,0,0,0,0,0,0,0,0,0,0,0,0,0
data\external\celeba\celeba\img_align_celeba\000984.jpg,celeba,000984.jpg,1,0,1,0,0,0,0,0,0,0,0,0,0,1,0,0,0,0,0,0,0,0,0,0,0,0,0,0,0,0
data\external\celeba\celeba\img_align_celeba\000985.jpg,celeba,000985.jpg,1,0,1,0,0,0,0,1,0,0,0,1,0,0,0,0,0,0,0,0,0,0,0,0,0,0,0,0,0,0
data\external\celeba\celeba\img_align_celeba\000986.jpg,celeba,000986.jpg,1,0,1,0,0,0,0,1,0,0,0,1,0,0,0,0,0,0,0,0,0,0,0,0,0,0,0,0,0,0
data\external\celeba\celeba\img_align_celeba\000987.jpg,celeba,000987.jpg,1,1,0,0,0,0,1,0,0,0,1,0,0,0,0,0,0,0,0,0,0,0,0,0,0,0,0,0,0,0
data\external\celeba\celeba\img_align_celeba\000988.jpg,celeba,000988.jpg,1,0,1,0,0,0,0,0,0,0,0,1,0,0,0,0,0,0,0,0,0,0,0,0,0,0,0,0,0,0
data\external\celeba\celeba\img_align_celeba\000989.jpg,celeba,000989.jpg,1,0,1,0,0,0,1,0,0,0,0,1,1,0,0,0,0,0,0,0,0,0,0,0,0,0,0,0,0,0
data\external\celeba\celeba\img_align_celeba\000990.jpg,celeba,000990.jpg,1,1,0,0,0,0,1,0,0,0,1,0,0,0,0,0,0,0,0,0,0,0,0,0,0,0,0,0,0,0
data\external\celeba\celeba\img_align_celeba\000991.jpg,celeba,000991.jpg,1,0,1,0,0,0,1,0,0,0,1,0,1,0,0,0,0,0,0,0,0,0,0,0,0,0,0,0,0,0
data\external\celeba\celeba\img_align_celeba\000992.jpg,celeba,000992.jpg,1,1,0,0,0,0,0,0,1,0,0,0,0,0,0,0,0,0,0,0,0,0,0,0,0,0,0,0,0,0
data\external\celeba\celeba\img_align_celeba\000993.jpg,celeba,000993.jpg,1,1,0,0,0,0,0,0,0,1,0,0,0,1,0,0,0,0,0,0,0,0,0,0,0,0,0,0,0,0
data\external\celeba\celeba\img_align_celeba\000994.jpg,celeba,000994.jpg,1,1,0,0,0,0,0,0,1,0,0,1,0,0,0,0,0,0,0,0,0,0,0,0,0,0,0,0,0,0
data\external\celeba\celeba\img_align_celeba\000995.jpg,celeba,000995.jpg,1,0,1,0,0,0,0,0,0,0,0,0,1,0,0,0,0,0,0,0,0,0,0,0,0,0,0,0,0,0
data\external\celeba\celeba\img_align_celeba\000996.jpg,celeba,000996.jpg,1,0,1,0,0,0,0,1,0,0,0,0,1,0,0,0,0,0,0,0,0,0,0,0,0,0,0,0,0,0
data\external\celeba\celeba\img_align_celeba\000997.jpg,celeba,000997.jpg,1,0,1,0,0,0,0,1,0,0,0,0,1,0,0,0,0,0,0,0,0,0,0,0,0,0,0,0,0,0
data\external\celeba\celeba\img_align_celeba\000998.jpg,celeba,000998.jpg,1,0,1,0,0,0,0,1,0,0,0,1,0,0,0,0,0,0,0,0,0,0,0,0,0,0,0,0,0,0
data\external\celeba\celeba\img_align_celeba\000999.jpg,celeba,000999.jpg,1,1,0,0,0,0,0,0,0,0,0,0,0,0,0,0,0,0,0,0,0,0,0,0,0,0,0,0,0,0
data\external\celeba\celeba\img_align_celeba\001000.jpg,celeba,001000.jpg,1,0,1,0,0,0,0,0,0,0,0,1,0,0,0,0,0,0,0,0,0,0,0,0,0,0,0,0,0,0
